method,s_value,image,true_label,iterations,success,adversarial_class,switch_iteration,locked_class,timestamp
SimBA,5,ILSVRC2012_val_00002095.JPEG,14,15000,False,14,9,84,2026-02-14T22:33:44.303073
SimBA,5,ILSVRC2012_val_00000440.JPEG,81,9018,True,82,9,82,2026-02-14T22:53:19.796767
SimBA,2,ILSVRC2012_val_00002095.JPEG,14,15000,False,14,3,84,2026-02-15T00:30:26.817392
SimBA,2,ILSVRC2012_val_00000440.JPEG,81,9176,True,82,6,82,2026-02-15T00:33:14.895189
SimBA,3,ILSVRC2012_val_00002095.JPEG,14,15000,False,14,4,84,2026-02-15T00:37:59.638727
SimBA,3,ILSVRC2012_val_00000440.JPEG,81,9176,True,82,7,82,2026-02-15T00:40:44.341923
SimBA,8,ILSVRC2012_val_00002095.JPEG,14,15000,False,14,13,84,2026-02-15T00:45:25.223595
SimBA,8,ILSVRC2012_val_00000440.JPEG,81,9189,True,82,13,82,2026-02-15T00:48:13.102166
SimBA,10,ILSVRC2012_val_00002095.JPEG,14,15000,False,14,15,84,2026-02-15T00:53:00.648059
SimBA,10,ILSVRC2012_val_00000440.JPEG,81,9189,True,82,15,82,2026-02-15T00:55:47.016824
SimBA,5,ILSVRC2012_val_00000309.JPEG,0,6812,True,758,6,758,2026-02-15T01:20:39.101787
SimBA,5,ILSVRC2012_val_00000826.JPEG,301,21,True,1,7,1,2026-02-15T01:20:40.748142
SimBA,5,ILSVRC2012_val_00000294.JPEG,4,80,True,3,8,3,2026-02-15T01:20:46.082949
SimBA,5,ILSVRC2012_val_00000823.JPEG,147,1214,True,149,6,149,2026-02-15T01:22:01.397785
SimBA,5,ILSVRC2012_val_00000324.JPEG,4,2010,True,3,9,3,2026-02-15T10:00:11.216861
SimBA,5,ILSVRC2012_val_00002923.JPEG,6,52,True,5,7,5,2026-02-15T10:00:13.774298
SimBA,5,ILSVRC2012_val_00001322.JPEG,6,5235,True,5,6,5,2026-02-15T10:06:22.567388
SimBA,5,ILSVRC2012_val_00003561.JPEG,7,6311,True,8,8,8,2026-02-15T10:13:53.010210
SimBA,5,ILSVRC2012_val_00001614.JPEG,8,6010,True,7,10,7,2026-02-15T10:20:46.463672
SimBA,5,ILSVRC2012_val_00000378.JPEG,9,15000,False,9,6,138,2026-02-15T10:39:14.836534
SimBA,2,ILSVRC2012_val_00000309.JPEG,0,6788,True,758,3,758,2026-02-15T10:45:51.832288
SimBA,2,ILSVRC2012_val_00000826.JPEG,301,20,True,1,3,1,2026-02-15T10:45:52.654119
SimBA,2,ILSVRC2012_val_00000294.JPEG,4,83,True,3,4,3,2026-02-15T10:45:55.457039
SimBA,2,ILSVRC2012_val_00000823.JPEG,147,1192,True,149,3,149,2026-02-15T10:46:28.588208
SimBA,5,ILSVRC2012_val_00001493.JPEG,10,4808,True,11,6,11,2026-02-15T10:44:54.604614
SimBA,2,ILSVRC2012_val_00000062.JPEG,13,6293,True,20,4,20,2026-02-15T11:13:25.966960
SimBA,2,ILSVRC2012_val_00001874.JPEG,17,10830,True,16,3,16,2026-02-15T11:16:45.934804
SimBA,2,ILSVRC2012_val_00002956.JPEG,28,9627,True,26,3,26,2026-02-15T11:19:39.331295
SimBA,2,ILSVRC2012_val_00000484.JPEG,31,1021,True,32,3,32,2026-02-15T11:19:57.796356
SimBA,2,ILSVRC2012_val_00000836.JPEG,37,2257,True,35,5,35,2026-02-15T11:20:38.064606
SimBA,2,ILSVRC2012_val_00000175.JPEG,83,790,True,86,3,86,2026-02-15T11:20:52.387741
SimBA,2,ILSVRC2012_val_00000528.JPEG,94,6288,True,95,5,95,2026-02-15T11:22:53.750582
SimBA,3,ILSVRC2012_val_00000823.JPEG,147,1208,True,149,4,149,2026-02-15T11:23:15.708932
SimBA,3,ILSVRC2012_val_00000062.JPEG,13,6293,True,20,5,20,2026-02-15T11:25:08.251755
SimBA,3,ILSVRC2012_val_00001874.JPEG,17,10806,True,16,4,16,2026-02-15T11:28:31.189137
SimBA,3,ILSVRC2012_val_00002956.JPEG,28,9798,True,26,4,26,2026-02-15T11:31:29.164077
SimBA,3,ILSVRC2012_val_00000484.JPEG,31,1021,True,32,4,32,2026-02-15T11:31:47.683696
SimBA,3,ILSVRC2012_val_00000836.JPEG,37,2257,True,35,6,35,2026-02-15T11:32:28.099829
SimBA,3,ILSVRC2012_val_00000175.JPEG,83,787,True,86,4,86,2026-02-15T11:32:42.352246
SimBA,3,ILSVRC2012_val_00000528.JPEG,94,6371,True,95,8,95,2026-02-15T11:34:43.311821
SimBA,5,ILSVRC2012_val_00000062.JPEG,13,6245,True,20,7,20,2026-02-15T11:36:34.746325
SimBA,5,ILSVRC2012_val_00001874.JPEG,17,10556,True,16,6,16,2026-02-15T11:39:51.171096
SimBA,5,ILSVRC2012_val_00002956.JPEG,28,9798,True,26,6,26,2026-02-15T11:42:48.091959
SimBA,5,ILSVRC2012_val_00000484.JPEG,31,1009,True,32,6,32,2026-02-15T11:43:06.157821
SimBA,5,ILSVRC2012_val_00000836.JPEG,37,2281,True,35,8,35,2026-02-15T11:43:47.173634
SimBA,5,ILSVRC2012_val_00000175.JPEG,83,787,True,86,6,86,2026-02-15T11:44:01.361718
SimBA,5,ILSVRC2012_val_00000528.JPEG,94,6252,True,95,11,95,2026-02-15T11:45:59.397121
SimBA,8,ILSVRC2012_val_00000823.JPEG,147,1193,True,149,10,149,2026-02-15T11:46:21.003901
SimBA,8,ILSVRC2012_val_00000062.JPEG,13,6290,True,20,12,20,2026-02-15T11:48:14.342413
SimBA,8,ILSVRC2012_val_00001874.JPEG,17,11084,True,16,10,16,2026-02-15T11:51:42.602864
SimBA,8,ILSVRC2012_val_00002956.JPEG,28,9785,True,26,9,26,2026-02-15T11:54:37.837552
SimBA,8,ILSVRC2012_val_00000484.JPEG,31,999,True,32,9,32,2026-02-15T11:54:56.580993
SimBA,8,ILSVRC2012_val_00000836.JPEG,37,2300,True,35,11,35,2026-02-15T11:55:38.655913
SimBA,8,ILSVRC2012_val_00000175.JPEG,83,788,True,86,9,86,2026-02-15T11:55:53.027983
SimBA,8,ILSVRC2012_val_00000528.JPEG,94,6252,True,95,14,95,2026-02-15T11:57:52.143379
SimBA,10,ILSVRC2012_val_00000823.JPEG,147,1206,True,149,14,149,2026-02-15T11:58:13.909029
SimBA,10,ILSVRC2012_val_00000062.JPEG,13,6296,True,20,14,20,2026-02-15T12:00:06.264736
SimBA,10,ILSVRC2012_val_00001874.JPEG,17,10488,True,16,12,16,2026-02-15T12:03:22.287085
SimBA,10,ILSVRC2012_val_00002956.JPEG,28,9820,True,26,12,26,2026-02-15T12:06:20.496141
SimBA,10,ILSVRC2012_val_00000484.JPEG,31,1042,True,32,11,32,2026-02-15T12:06:39.155088
SimBA,10,ILSVRC2012_val_00000836.JPEG,37,2300,True,35,13,35,2026-02-15T12:07:20.271349
SimBA,10,ILSVRC2012_val_00000175.JPEG,83,790,True,86,11,86,2026-02-15T12:07:34.362137
SimBA,10,ILSVRC2012_val_00000528.JPEG,94,6353,True,95,17,95,2026-02-15T12:09:33.681352
SquareAttack,2,ILSVRC2012_val_00000823.JPEG,147,1,True,149,,,2026-02-15T12:09:33.978958
SquareAttack,2,ILSVRC2012_val_00000062.JPEG,13,327,True,995,306,995,2026-02-15T12:09:37.663167
SquareAttack,2,ILSVRC2012_val_00002095.JPEG,14,15000,False,14,153,84,2026-02-15T12:12:02.727691
SquareAttack,2,ILSVRC2012_val_00001874.JPEG,17,2909,True,16,83,16,2026-02-15T12:12:31.084281
SquareAttack,2,ILSVRC2012_val_00002956.JPEG,28,2176,True,26,20,26,2026-02-15T12:12:52.234841
SquareAttack,2,ILSVRC2012_val_00000484.JPEG,31,39,True,32,4,32,2026-02-15T12:12:52.895243
SquareAttack,2,ILSVRC2012_val_00000836.JPEG,37,339,True,35,18,35,2026-02-15T12:12:56.479386
SquareAttack,2,ILSVRC2012_val_00000440.JPEG,81,567,True,82,137,82,2026-02-15T12:13:02.328914
SquareAttack,2,ILSVRC2012_val_00000175.JPEG,83,1,True,86,,,2026-02-15T12:13:02.364780
SquareAttack,2,ILSVRC2012_val_00000528.JPEG,94,2444,True,854,36,854,2026-02-15T12:13:25.932750
SquareAttack,3,ILSVRC2012_val_00000823.JPEG,147,1,True,149,,,2026-02-15T12:13:25.958553
SquareAttack,3,ILSVRC2012_val_00000062.JPEG,13,317,True,995,312,995,2026-02-15T12:13:29.543378
SquareAttack,3,ILSVRC2012_val_00002095.JPEG,14,15000,False,14,429,84,2026-02-15T12:15:55.395401
SquareAttack,3,ILSVRC2012_val_00001874.JPEG,17,9480,True,916,319,916,2026-02-15T12:17:26.202368
SquareAttack,3,ILSVRC2012_val_00002956.JPEG,28,2042,True,26,54,26,2026-02-15T12:17:46.235093
SquareAttack,3,ILSVRC2012_val_00000484.JPEG,31,39,True,32,5,32,2026-02-15T12:17:46.902520
SquareAttack,3,ILSVRC2012_val_00000836.JPEG,37,319,True,35,20,35,2026-02-15T12:17:50.281733
SquareAttack,3,ILSVRC2012_val_00000440.JPEG,81,308,True,86,307,86,2026-02-15T12:17:53.680955
SquareAttack,3,ILSVRC2012_val_00000175.JPEG,83,1,True,86,,,2026-02-15T12:17:53.720825
SquareAttack,3,ILSVRC2012_val_00000528.JPEG,94,1530,True,854,47,854,2026-02-15T12:18:08.689952
SquareAttack,5,ILSVRC2012_val_00000823.JPEG,147,1,True,149,,,2026-02-15T12:18:08.723895
SquareAttack,5,ILSVRC2012_val_00000062.JPEG,13,317,True,995,317,995,2026-02-15T12:18:12.268162
SquareAttack,5,ILSVRC2012_val_00002095.JPEG,14,15000,False,14,449,84,2026-02-15T12:20:37.931257
SquareAttack,5,ILSVRC2012_val_00001874.JPEG,17,9480,True,916,327,916,2026-02-15T12:22:09.012389
SquareAttack,5,ILSVRC2012_val_00002956.JPEG,28,3035,True,26,87,26,2026-02-15T12:22:38.418058
SquareAttack,5,ILSVRC2012_val_00000484.JPEG,31,24,True,32,23,32,2026-02-15T12:22:38.869560
SquareAttack,5,ILSVRC2012_val_00000836.JPEG,37,344,True,35,34,35,2026-02-15T12:22:42.629893
SquareAttack,5,ILSVRC2012_val_00000440.JPEG,81,308,True,86,,,2026-02-15T12:22:46.019379
SquareAttack,5,ILSVRC2012_val_00000175.JPEG,83,1,True,86,,,2026-02-15T12:22:46.052305
SquareAttack,5,ILSVRC2012_val_00000528.JPEG,94,1605,True,894,760,894,2026-02-15T12:23:01.822974
SquareAttack,8,ILSVRC2012_val_00000823.JPEG,147,1,True,149,,,2026-02-15T12:23:01.862408
SquareAttack,8,ILSVRC2012_val_00000062.JPEG,13,317,True,995,,,2026-02-15T12:23:05.347310
SquareAttack,8,ILSVRC2012_val_00002095.JPEG,14,3960,True,136,788,136,2026-02-15T12:23:44.868780
SquareAttack,8,ILSVRC2012_val_00001874.JPEG,17,3689,True,16,775,16,2026-02-15T12:24:21.040849
SquareAttack,8,ILSVRC2012_val_00002956.JPEG,28,1991,True,26,312,26,2026-02-15T12:24:40.616777
SquareAttack,8,ILSVRC2012_val_00000484.JPEG,31,24,True,32,,,2026-02-15T12:24:41.114741
SquareAttack,8,ILSVRC2012_val_00000836.JPEG,37,190,True,35,96,35,2026-02-15T12:24:43.396325
SquareAttack,8,ILSVRC2012_val_00000440.JPEG,81,308,True,86,,,2026-02-15T12:24:46.831575
SquareAttack,8,ILSVRC2012_val_00000175.JPEG,83,1,True,86,,,2026-02-15T12:24:46.864888
SquareAttack,8,ILSVRC2012_val_00000528.JPEG,94,1272,True,894,864,894,2026-02-15T12:24:59.632903
SquareAttack,10,ILSVRC2012_val_00000823.JPEG,147,1,True,149,,,2026-02-15T12:24:59.666203
SquareAttack,10,ILSVRC2012_val_00000062.JPEG,13,317,True,995,,,2026-02-15T12:25:03.277716
SquareAttack,10,ILSVRC2012_val_00002095.JPEG,14,15000,False,14,945,84,2026-02-15T12:27:29.327562
SquareAttack,10,ILSVRC2012_val_00001874.JPEG,17,3424,True,16,797,16,2026-02-15T12:28:02.745246
SquareAttack,10,ILSVRC2012_val_00002956.JPEG,28,1867,True,26,315,26,2026-02-15T12:28:21.095259
SquareAttack,10,ILSVRC2012_val_00000484.JPEG,31,24,True,32,,,2026-02-15T12:28:21.583638
SquareAttack,10,ILSVRC2012_val_00000836.JPEG,37,227,True,35,107,35,2026-02-15T12:28:24.220208
SquareAttack,10,ILSVRC2012_val_00000440.JPEG,81,308,True,86,,,2026-02-15T12:28:27.586685
SquareAttack,10,ILSVRC2012_val_00000175.JPEG,83,1,True,86,,,2026-02-15T12:28:27.627456
SquareAttack,10,ILSVRC2012_val_00000528.JPEG,94,1395,True,894,878,894,2026-02-15T12:28:41.629833
SimBA,3,ILSVRC2012_val_00000823.JPEG,147,1208,True,149,4,149,2026-02-15T12:49:21.728238
SimBA,8,ILSVRC2012_val_00000823.JPEG,147,1193,True,149,10,149,2026-02-15T12:49:43.571185
SimBA,10,ILSVRC2012_val_00000823.JPEG,147,1206,True,149,14,149,2026-02-15T12:50:05.093979
SquareAttack,2,ILSVRC2012_val_00000823.JPEG,147,1,True,149,,,2026-02-15T12:50:05.141208
SquareAttack,2,ILSVRC2012_val_00002095.JPEG,14,15000,False,14,153,84,2026-02-15T12:52:33.919335
SquareAttack,2,ILSVRC2012_val_00000440.JPEG,81,567,True,82,137,82,2026-02-15T12:52:40.297566
SquareAttack,3,ILSVRC2012_val_00000823.JPEG,147,1,True,149,,,2026-02-15T12:52:40.334388
SquareAttack,3,ILSVRC2012_val_00002095.JPEG,14,15000,False,14,429,84,2026-02-15T12:55:18.873256
SquareAttack,3,ILSVRC2012_val_00000440.JPEG,81,308,True,86,307,86,2026-02-15T12:55:22.665374
SquareAttack,5,ILSVRC2012_val_00000823.JPEG,147,1,True,149,,,2026-02-15T12:55:22.703490
SquareAttack,5,ILSVRC2012_val_00002095.JPEG,14,15000,False,14,449,84,2026-02-15T12:58:01.427216
SquareAttack,5,ILSVRC2012_val_00000440.JPEG,81,308,True,86,,,2026-02-15T12:58:05.039663
SquareAttack,8,ILSVRC2012_val_00000823.JPEG,147,1,True,149,,,2026-02-15T12:58:05.078451
SquareAttack,8,ILSVRC2012_val_00002095.JPEG,14,3960,True,136,788,136,2026-02-15T12:58:47.487369
SquareAttack,8,ILSVRC2012_val_00000440.JPEG,81,308,True,86,,,2026-02-15T12:58:51.109948
SquareAttack,10,ILSVRC2012_val_00000823.JPEG,147,1,True,149,,,2026-02-15T12:58:51.141501
SquareAttack,10,ILSVRC2012_val_00002095.JPEG,14,15000,False,14,945,84,2026-02-15T13:01:30.345860
SquareAttack,10,ILSVRC2012_val_00000440.JPEG,81,308,True,86,,,2026-02-15T13:01:34.096501
SimBA,2,ILSVRC2012_val_00000324.JPEG,4,1970,True,3,5,3,2026-02-15T13:05:44.751499
SimBA,2,ILSVRC2012_val_00002923.JPEG,6,47,True,5,4,5,2026-02-15T13:05:46.010521
SimBA,2,ILSVRC2012_val_00001322.JPEG,6,5264,True,5,3,5,2026-02-15T13:07:25.960094
SimBA,2,ILSVRC2012_val_00003561.JPEG,7,6438,True,8,5,8,2026-02-15T13:09:28.687696
SimBA,2,ILSVRC2012_val_00001614.JPEG,8,5991,True,7,5,7,2026-02-15T13:11:19.126656
SimBA,2,ILSVRC2012_val_00000378.JPEG,9,15000,False,9,3,138,2026-02-15T13:15:56.719395
SimBA,2,ILSVRC2012_val_00001493.JPEG,10,4816,True,11,3,11,2026-02-15T13:17:25.896880
SimBA,2,ILSVRC2012_val_00001195.JPEG,11,5115,True,16,4,16,2026-02-15T13:19:00.802885
SimBA,2,ILSVRC2012_val_00003287.JPEG,12,15000,False,12,9,10,2026-02-15T13:24:00.634928
SimBA,2,ILSVRC2012_val_00000153.JPEG,15,15000,False,15,3,912,2026-02-15T13:28:41.964623
SimBA,2,ILSVRC2012_val_00000188.JPEG,16,1079,True,17,3,17,2026-02-15T13:29:01.797473
SimBA,2,ILSVRC2012_val_00001044.JPEG,18,698,True,10,3,10,2026-02-15T13:29:14.808091
SimBA,2,ILSVRC2012_val_00000005.JPEG,19,15000,False,19,5,654,2026-02-15T13:34:04.231382
SimBA,2,ILSVRC2012_val_00001912.JPEG,20,15000,False,20,4,13,2026-02-15T13:38:55.407131
SimBA,2,ILSVRC2012_val_00001861.JPEG,21,8073,True,22,3,22,2026-02-15T13:41:36.240158
SimBA,2,ILSVRC2012_val_00002085.JPEG,22,358,True,23,4,23,2026-02-15T13:41:43.310402
SimBA,2,ILSVRC2012_val_00001478.JPEG,23,8924,True,21,3,21,2026-02-15T13:44:44.336060
SimBA,2,ILSVRC2012_val_00000561.JPEG,119,75,True,32,3,32,2026-02-15T13:51:54.674216
SimBA,2,ILSVRC2012_val_00000793.JPEG,34,389,True,33,3,33,2026-02-15T13:52:46.924081
SimBA,2,ILSVRC2012_val_00000625.JPEG,38,503,True,43,4,43,2026-02-15T13:54:15.792076
SimBA,2,ILSVRC2012_val_00001869.JPEG,36,1631,True,35,6,35,2026-02-15T13:56:27.890041
SimBA,2,ILSVRC2012_val_00001108.JPEG,26,1732,True,29,5,29,2026-02-15T13:56:34.507248
SimBA,2,ILSVRC2012_val_00000321.JPEG,29,5143,True,916,7,916,2026-02-15T14:07:09.930063
SimBA,2,ILSVRC2012_val_00001002.JPEG,25,9252,True,26,3,26,2026-02-15T14:09:37.225171
SimBA,2,ILSVRC2012_val_00000588.JPEG,30,3817,True,32,4,32,2026-02-15T14:09:39.316472
SimBA,2,ILSVRC2012_val_00002403.JPEG,32,2669,True,30,3,30,2026-02-15T14:13:15.442373
SimBA,2,ILSVRC2012_val_00000295.JPEG,33,6082,True,34,4,34,2026-02-15T14:16:09.553750
SquareAttack,2,ILSVRC2012_val_00000309.JPEG,0,448,True,758,136,758,2026-02-15T14:21:33.367751
SquareAttack,2,ILSVRC2012_val_00000826.JPEG,301,1,True,1,,,2026-02-15T14:21:33.450247
SquareAttack,2,ILSVRC2012_val_00000294.JPEG,4,1,True,3,,,2026-02-15T14:21:33.499231
SquareAttack,2,ILSVRC2012_val_00000324.JPEG,4,194,True,3,18,3,2026-02-15T14:21:37.011229
SquareAttack,2,ILSVRC2012_val_00002923.JPEG,6,1,True,854,,,2026-02-15T14:21:37.070994
SquareAttack,2,ILSVRC2012_val_00001322.JPEG,6,834,True,5,10,5,2026-02-15T14:21:50.556086
SquareAttack,2,ILSVRC2012_val_00003561.JPEG,7,1385,True,8,4,8,2026-02-15T14:22:11.871406
SquareAttack,2,ILSVRC2012_val_00001614.JPEG,8,1580,True,7,5,7,2026-02-15T14:22:35.576808
SimBA,2,ILSVRC2012_val_00000880.JPEG,24,9267,True,82,5,82,2026-02-15T14:24:51.694829
SquareAttack,2,ILSVRC2012_val_00000378.JPEG,9,13000,True,138,5,138,2026-02-15T14:25:50.394439
SquareAttack,2,ILSVRC2012_val_00001493.JPEG,10,239,True,11,96,11,2026-02-15T14:25:54.434386
SquareAttack,2,ILSVRC2012_val_00001195.JPEG,11,178,True,90,,,2026-02-15T14:25:57.538228
SquareAttack,2,ILSVRC2012_val_00003287.JPEG,12,2140,True,854,103,854,2026-02-15T14:26:31.170469
SimBA,2,ILSVRC2012_val_00000395.JPEG,37,3885,True,35,3,35,2026-02-15T14:26:35.627438
SquareAttack,2,ILSVRC2012_val_00000153.JPEG,15,11460,True,912,83,912,2026-02-15T14:29:25.135324
SquareAttack,2,ILSVRC2012_val_00000188.JPEG,16,1,True,17,,,2026-02-15T14:29:25.184208
SquareAttack,2,ILSVRC2012_val_00001044.JPEG,18,1,True,133,,,2026-02-15T14:29:25.218994
SquareAttack,2,ILSVRC2012_val_00000005.JPEG,19,6197,True,654,88,654,2026-02-15T14:30:58.822731
SimBA,2,ILSVRC2012_val_00004042.JPEG,39,12430,True,41,3,41,2026-02-15T14:32:07.389837
SquareAttack,2,ILSVRC2012_val_00001912.JPEG,20,12092,True,13,16,13,2026-02-15T14:34:04.407389
SimBA,2,ILSVRC2012_val_00000107.JPEG,40,4712,True,46,5,46,2026-02-15T14:34:13.490676
SquareAttack,2,ILSVRC2012_val_00001861.JPEG,21,3439,True,916,296,916,2026-02-15T14:34:58.059867
SquareAttack,2,ILSVRC2012_val_00002085.JPEG,22,1,True,23,,,2026-02-15T14:34:58.107476
SquareAttack,2,ILSVRC2012_val_00001478.JPEG,23,917,True,21,78,21,2026-02-15T14:35:12.732344
SimBA,2,ILSVRC2012_val_00000731.JPEG,41,4776,True,44,3,44,2026-02-15T14:36:21.370513
SquareAttack,2,ILSVRC2012_val_00000880.JPEG,24,15000,False,24,32,854,2026-02-15T14:39:05.252595
SimBA,2,ILSVRC2012_val_00001628.JPEG,42,6537,True,38,3,38,2026-02-15T14:39:24.024689
SquareAttack,2,ILSVRC2012_val_00001002.JPEG,25,2328,True,26,26,26,2026-02-15T14:39:41.675856
SquareAttack,2,ILSVRC2012_val_00001108.JPEG,26,148,True,29,21,29,2026-02-15T14:39:44.616971
SquareAttack,2,ILSVRC2012_val_00000561.JPEG,119,1,True,73,,,2026-02-15T14:39:44.667739
SquareAttack,2,ILSVRC2012_val_00000321.JPEG,29,2254,True,916,25,916,2026-02-15T14:40:21.269457
SquareAttack,2,ILSVRC2012_val_00000588.JPEG,30,769,True,32,4,32,2026-02-15T14:40:33.832018
SquareAttack,2,ILSVRC2012_val_00002403.JPEG,32,109,True,30,26,30,2026-02-15T14:40:36.112837
SquareAttack,2,ILSVRC2012_val_00000295.JPEG,33,103,True,113,,,2026-02-15T14:40:38.275373
SquareAttack,2,ILSVRC2012_val_00000793.JPEG,34,2,True,33,,,2026-02-15T14:40:38.407279
SquareAttack,2,ILSVRC2012_val_00001869.JPEG,36,133,True,35,23,35,2026-02-15T14:40:41.091928
SquareAttack,2,ILSVRC2012_val_00000395.JPEG,37,1046,True,35,23,35,2026-02-15T14:40:57.487581
SquareAttack,2,ILSVRC2012_val_00000625.JPEG,38,1,True,43,,,2026-02-15T14:40:57.526114
SquareAttack,2,ILSVRC2012_val_00004042.JPEG,39,6857,True,43,11,43,2026-02-15T14:42:43.849979
SquareAttack,2,ILSVRC2012_val_00000107.JPEG,40,2904,True,46,220,46,2026-02-15T14:43:33.504276
SquareAttack,2,ILSVRC2012_val_00000731.JPEG,41,410,True,44,10,44,2026-02-15T14:43:40.378140
SquareAttack,2,ILSVRC2012_val_00001628.JPEG,42,795,True,854,81,854,2026-02-15T14:43:53.077148
SimBA,2,ILSVRC2012_val_00000556.JPEG,43,11188,True,42,4,42,2026-02-15T14:44:45.944154
SimBA,2,ILSVRC2012_val_00000270.JPEG,44,611,True,40,5,40,2026-02-15T14:45:09.341757
SquareAttack,2,ILSVRC2012_val_00000556.JPEG,43,4013,True,42,11,42,2026-02-15T14:45:10.721583
SquareAttack,2,ILSVRC2012_val_00000270.JPEG,44,78,True,38,53,38,2026-02-15T14:45:13.154548
SquareAttack,2,ILSVRC2012_val_00002575.JPEG,45,2188,True,854,92,854,2026-02-15T14:46:02.263427
SquareAttack,2,ILSVRC2012_val_00000053.JPEG,40,1,True,46,,,2026-02-15T14:46:02.329607
SquareAttack,2,ILSVRC2012_val_00001455.JPEG,47,3088,True,854,8,854,2026-02-15T14:47:06.848639
SquareAttack,2,ILSVRC2012_val_00000406.JPEG,48,770,True,39,8,39,2026-02-15T14:47:19.680600
SquareAttack,2,ILSVRC2012_val_00000846.JPEG,49,452,True,50,328,50,2026-02-15T14:47:27.125626
SquareAttack,2,ILSVRC2012_val_00000187.JPEG,328,1,True,794,,,2026-02-15T14:47:27.172413
SquareAttack,2,ILSVRC2012_val_00000461.JPEG,51,19,True,643,,,2026-02-15T14:47:27.675274
SquareAttack,2,ILSVRC2012_val_00000751.JPEG,52,341,True,390,7,390,2026-02-15T14:47:33.433825
SquareAttack,2,ILSVRC2012_val_00002134.JPEG,53,1,True,60,,,2026-02-15T14:47:33.490747
SquareAttack,2,ILSVRC2012_val_00000781.JPEG,60,1,True,67,,,2026-02-15T14:47:33.532570
SquareAttack,2,ILSVRC2012_val_00000132.JPEG,64,92,True,59,29,59,2026-02-15T14:47:35.479486
SquareAttack,2,ILSVRC2012_val_00000208.JPEG,56,3428,True,53,37,53,2026-02-15T14:48:28.710320
SquareAttack,2,ILSVRC2012_val_00001038.JPEG,57,3194,True,52,76,52,2026-02-15T14:49:18.105025
SquareAttack,2,ILSVRC2012_val_00002124.JPEG,63,12,True,58,12,58,2026-02-15T14:49:18.471856
SquareAttack,2,ILSVRC2012_val_00001111.JPEG,46,18,True,94,,,2026-02-15T14:49:18.969836
SquareAttack,2,ILSVRC2012_val_00000054.JPEG,60,1,True,56,,,2026-02-15T14:49:19.025307
SquareAttack,2,ILSVRC2012_val_00000296.JPEG,61,669,True,62,21,62,2026-02-15T14:49:29.852639
SquareAttack,2,ILSVRC2012_val_00000120.JPEG,62,804,True,61,3,61,2026-02-15T14:49:42.618623
SquareAttack,2,ILSVRC2012_val_00000150.JPEG,63,788,True,68,19,68,2026-02-15T14:49:55.210950
SquareAttack,2,ILSVRC2012_val_00000560.JPEG,378,33,True,59,,,2026-02-15T14:49:56.068838
SquareAttack,2,ILSVRC2012_val_00005869.JPEG,119,1,True,125,,,2026-02-15T14:49:56.124677
SquareAttack,2,ILSVRC2012_val_00000278.JPEG,66,3028,True,68,17,68,2026-02-15T14:50:42.160390
SquareAttack,2,ILSVRC2012_val_00001964.JPEG,68,1,True,67,,,2026-02-15T14:50:42.209798
SquareAttack,2,ILSVRC2012_val_00000194.JPEG,68,1,True,66,,,2026-02-15T14:50:42.273351
SquareAttack,2,ILSVRC2012_val_00001321.JPEG,69,1,True,972,,,2026-02-15T14:50:42.333717
SimBA,2,ILSVRC2012_val_00002575.JPEG,45,11406,True,38,5,38,2026-02-15T14:50:52.053888
SimBA,2,ILSVRC2012_val_00000053.JPEG,40,670,True,46,7,46,2026-02-15T14:51:08.889213
SquareAttack,2,ILSVRC2012_val_00000046.JPEG,70,3315,True,73,5,73,2026-02-15T14:51:32.821218
SquareAttack,2,ILSVRC2012_val_00000237.JPEG,71,9989,True,99,44,99,2026-02-15T14:54:02.116586
SquareAttack,2,ILSVRC2012_val_00000228.JPEG,72,3469,True,74,3,74,2026-02-15T14:54:53.993646
SquareAttack,2,ILSVRC2012_val_00000677.JPEG,73,307,True,74,51,74,2026-02-15T14:54:59.153898
SimBA,2,ILSVRC2012_val_00001455.JPEG,47,10830,True,38,4,38,2026-02-15T14:55:41.790723
SquareAttack,2,ILSVRC2012_val_00000552.JPEG,72,6679,True,74,59,74,2026-02-15T14:56:39.088583
SimBA,2,ILSVRC2012_val_00000406.JPEG,48,3252,True,39,3,39,2026-02-15T14:57:01.120417
SquareAttack,2,ILSVRC2012_val_00000603.JPEG,75,3380,True,73,34,73,2026-02-15T14:57:29.983279
SquareAttack,2,ILSVRC2012_val_00000522.JPEG,76,1703,True,73,26,73,2026-02-15T14:57:56.054627
SquareAttack,2,ILSVRC2012_val_00001131.JPEG,75,1,True,73,,,2026-02-15T14:57:56.102418
SimBA,2,ILSVRC2012_val_00000846.JPEG,49,2694,True,386,3,386,2026-02-15T14:58:07.500793
SimBA,2,ILSVRC2012_val_00000187.JPEG,328,9,True,363,3,363,2026-02-15T14:58:07.909540
SimBA,2,ILSVRC2012_val_00000461.JPEG,51,1598,True,988,3,988,2026-02-15T14:58:47.495914
SquareAttack,2,ILSVRC2012_val_00001350.JPEG,78,5839,True,73,28,73,2026-02-15T14:59:23.611871
SquareAttack,2,ILSVRC2012_val_00003857.JPEG,630,1,True,594,,,2026-02-15T14:59:23.653052
SimBA,2,ILSVRC2012_val_00000751.JPEG,52,2351,True,390,3,390,2026-02-15T14:59:45.451613
SquareAttack,2,ILSVRC2012_val_00000807.JPEG,80,1760,True,998,32,998,2026-02-15T14:59:50.370377
SquareAttack,2,ILSVRC2012_val_00001888.JPEG,82,654,True,81,38,81,2026-02-15T15:00:00.800134
SquareAttack,2,ILSVRC2012_val_00000102.JPEG,83,1202,True,80,17,80,2026-02-15T15:00:19.367900
SquareAttack,2,ILSVRC2012_val_00000881.JPEG,84,1148,True,580,13,580,2026-02-15T15:00:36.654336
SquareAttack,2,ILSVRC2012_val_00001419.JPEG,85,1654,True,854,18,854,2026-02-15T15:01:02.205952
SimBA,2,ILSVRC2012_val_00002134.JPEG,53,3930,True,52,4,52,2026-02-15T15:01:23.509453
SquareAttack,2,ILSVRC2012_val_00000024.JPEG,87,2326,True,594,298,594,2026-02-15T15:01:37.241861
SimBA,2,ILSVRC2012_val_00000781.JPEG,60,702,True,54,3,54,2026-02-15T15:01:41.142003
SimBA,2,ILSVRC2012_val_00000132.JPEG,64,876,True,55,4,55,2026-02-15T15:02:02.590489
SquareAttack,2,ILSVRC2012_val_00000265.JPEG,88,8662,True,854,37,854,2026-02-15T15:03:46.594760
SquareAttack,2,ILSVRC2012_val_00000011.JPEG,89,4742,True,132,79,132,2026-02-15T15:04:57.784045
SquareAttack,2,ILSVRC2012_val_00001245.JPEG,90,2569,True,854,5,854,2026-02-15T15:05:36.973129
SquareAttack,2,ILSVRC2012_val_00000001.JPEG,91,1836,True,916,23,916,2026-02-15T15:06:04.877508
SimBA,2,ILSVRC2012_val_00000208.JPEG,56,11019,True,53,3,53,2026-02-15T15:06:33.925028
SquareAttack,2,ILSVRC2012_val_00003751.JPEG,92,6619,True,854,183,854,2026-02-15T15:07:43.321311
SquareAttack,2,ILSVRC2012_val_00001186.JPEG,93,4309,True,96,18,96,2026-02-15T15:08:48.075096
SquareAttack,2,ILSVRC2012_val_00001390.JPEG,95,5809,True,92,10,92,2026-02-15T15:10:15.060118
SimBA,2,ILSVRC2012_val_00001038.JPEG,57,9822,True,52,3,52,2026-02-15T15:10:39.753421
SquareAttack,2,ILSVRC2012_val_00000204.JPEG,96,3017,True,93,108,93,2026-02-15T15:11:00.970955
SimBA,2,ILSVRC2012_val_00002124.JPEG,63,1224,True,56,3,56,2026-02-15T15:11:09.763874
SquareAttack,2,ILSVRC2012_val_00001305.JPEG,97,2112,True,98,21,98,2026-02-15T15:11:32.965172
SquareAttack,2,ILSVRC2012_val_00000119.JPEG,98,2853,True,946,317,946,2026-02-15T15:12:16.097551
SimBA,2,ILSVRC2012_val_00001111.JPEG,46,2920,True,40,3,40,2026-02-15T15:12:21.413276
SimBA,2,ILSVRC2012_val_00000054.JPEG,60,342,True,56,3,56,2026-02-15T15:12:30.120196
SquareAttack,2,ILSVRC2012_val_00001045.JPEG,99,1341,True,975,13,975,2026-02-15T15:12:36.430773
SquareAttack,3,ILSVRC2012_val_00000309.JPEG,0,779,True,758,147,758,2026-02-15T15:12:48.344709
SquareAttack,3,ILSVRC2012_val_00000826.JPEG,301,1,True,1,,,2026-02-15T15:12:48.424032
SquareAttack,3,ILSVRC2012_val_00000294.JPEG,4,1,True,3,,,2026-02-15T15:12:48.481296
SquareAttack,3,ILSVRC2012_val_00000324.JPEG,4,244,True,3,23,3,2026-02-15T15:12:52.674396
SquareAttack,3,ILSVRC2012_val_00002923.JPEG,6,1,True,854,,,2026-02-15T15:12:53.171319
SquareAttack,3,ILSVRC2012_val_00001322.JPEG,6,626,True,5,22,5,2026-02-15T15:13:02.904686
SquareAttack,3,ILSVRC2012_val_00003561.JPEG,7,1385,True,8,5,8,2026-02-15T15:13:23.925535
SquareAttack,3,ILSVRC2012_val_00001614.JPEG,8,1201,True,7,9,7,2026-02-15T15:13:42.288260
SimBA,2,ILSVRC2012_val_00000296.JPEG,61,4285,True,62,3,62,2026-02-15T15:14:16.696061
SquareAttack,3,ILSVRC2012_val_00000378.JPEG,9,13873,True,138,11,138,2026-02-15T15:17:11.626570
SquareAttack,3,ILSVRC2012_val_00001493.JPEG,10,239,True,11,97,11,2026-02-15T15:17:15.903299
SquareAttack,3,ILSVRC2012_val_00001195.JPEG,11,178,True,90,,,2026-02-15T15:17:19.004415
SimBA,2,ILSVRC2012_val_00000120.JPEG,62,7801,True,61,3,61,2026-02-15T15:17:26.410777
SquareAttack,3,ILSVRC2012_val_00003287.JPEG,12,2140,True,854,107,854,2026-02-15T15:17:51.424210
SimBA,2,ILSVRC2012_val_00000150.JPEG,63,3774,True,68,4,68,2026-02-15T15:19:00.313189
SimBA,2,ILSVRC2012_val_00000560.JPEG,378,259,True,59,3,59,2026-02-15T15:19:07.117151
SimBA,2,ILSVRC2012_val_00005869.JPEG,119,91,True,125,3,125,2026-02-15T15:19:10.017794
SquareAttack,3,ILSVRC2012_val_00000153.JPEG,15,11484,True,912,93,912,2026-02-15T15:20:43.601876
SquareAttack,3,ILSVRC2012_val_00000188.JPEG,16,1,True,17,,,2026-02-15T15:20:43.665063
SquareAttack,3,ILSVRC2012_val_00001044.JPEG,18,1,True,133,,,2026-02-15T15:20:43.712538
SquareAttack,3,ILSVRC2012_val_00000005.JPEG,19,5309,True,654,97,654,2026-02-15T15:22:03.182828
SimBA,2,ILSVRC2012_val_00000278.JPEG,66,10213,True,68,4,68,2026-02-15T15:23:26.466961
SimBA,2,ILSVRC2012_val_00001964.JPEG,68,662,True,67,3,67,2026-02-15T15:23:42.831982
SimBA,2,ILSVRC2012_val_00000194.JPEG,68,910,True,66,3,66,2026-02-15T15:24:05.188361
SimBA,2,ILSVRC2012_val_00001321.JPEG,69,2340,True,66,4,66,2026-02-15T15:25:02.948446
SquareAttack,3,ILSVRC2012_val_00001912.JPEG,20,12960,True,13,67,13,2026-02-15T15:25:17.970103
SquareAttack,3,ILSVRC2012_val_00001861.JPEG,21,2490,True,916,340,916,2026-02-15T15:25:55.526880
SquareAttack,3,ILSVRC2012_val_00002085.JPEG,22,1,True,23,,,2026-02-15T15:25:55.573989
SquareAttack,3,ILSVRC2012_val_00001478.JPEG,23,795,True,21,103,21,2026-02-15T15:26:07.934761
SimBA,2,ILSVRC2012_val_00000046.JPEG,70,8402,True,73,5,73,2026-02-15T15:28:31.821451
SquareAttack,3,ILSVRC2012_val_00000880.JPEG,24,15000,False,24,60,854,2026-02-15T15:29:52.615941
SquareAttack,3,ILSVRC2012_val_00001002.JPEG,25,2854,True,26,48,26,2026-02-15T15:30:35.972188
SquareAttack,3,ILSVRC2012_val_00001108.JPEG,26,148,True,29,22,29,2026-02-15T15:30:38.696012
SquareAttack,3,ILSVRC2012_val_00000561.JPEG,119,1,True,73,,,2026-02-15T15:30:38.740685
SquareAttack,3,ILSVRC2012_val_00000321.JPEG,29,1810,True,916,43,916,2026-02-15T15:31:06.297183
SquareAttack,3,ILSVRC2012_val_00000588.JPEG,30,602,True,32,16,32,2026-02-15T15:31:15.858114
SquareAttack,3,ILSVRC2012_val_00002403.JPEG,32,100,True,30,49,30,2026-02-15T15:31:17.908782
SquareAttack,3,ILSVRC2012_val_00000295.JPEG,33,103,True,113,,,2026-02-15T15:31:20.097551
SquareAttack,3,ILSVRC2012_val_00000793.JPEG,34,2,True,33,,,2026-02-15T15:31:20.196340
SquareAttack,3,ILSVRC2012_val_00001869.JPEG,36,342,True,35,30,35,2026-02-15T15:31:25.907616
SquareAttack,3,ILSVRC2012_val_00000395.JPEG,37,945,True,35,35,35,2026-02-15T15:31:40.649300
SquareAttack,3,ILSVRC2012_val_00000625.JPEG,38,1,True,43,,,2026-02-15T15:31:40.706954
SquareAttack,3,ILSVRC2012_val_00004042.JPEG,39,7007,True,43,18,43,2026-02-15T15:33:25.029254
SquareAttack,3,ILSVRC2012_val_00000107.JPEG,40,1529,True,46,248,46,2026-02-15T15:33:48.110179
SquareAttack,3,ILSVRC2012_val_00000731.JPEG,41,410,True,44,17,44,2026-02-15T15:33:54.774583
SquareAttack,3,ILSVRC2012_val_00001628.JPEG,42,1204,True,854,115,854,2026-02-15T15:34:13.121376
SimBA,2,ILSVRC2012_val_00000237.JPEG,71,15000,False,71,3,99,2026-02-15T15:34:38.864927
SquareAttack,3,ILSVRC2012_val_00000556.JPEG,43,3488,True,42,29,42,2026-02-15T15:35:05.720694
SquareAttack,3,ILSVRC2012_val_00000270.JPEG,44,79,True,38,78,38,2026-02-15T15:35:07.430154
SquareAttack,3,ILSVRC2012_val_00002575.JPEG,45,827,True,854,147,854,2026-02-15T15:35:20.363560
SquareAttack,3,ILSVRC2012_val_00000053.JPEG,40,1,True,46,,,2026-02-15T15:35:20.414015
SquareAttack,3,ILSVRC2012_val_00001455.JPEG,47,2150,True,894,52,894,2026-02-15T15:35:53.540222
SquareAttack,3,ILSVRC2012_val_00000406.JPEG,48,770,True,39,18,39,2026-02-15T15:36:05.465495
SquareAttack,3,ILSVRC2012_val_00000846.JPEG,49,452,True,50,329,50,2026-02-15T15:36:12.736656
SquareAttack,3,ILSVRC2012_val_00000187.JPEG,328,1,True,794,,,2026-02-15T15:36:12.785405
SquareAttack,3,ILSVRC2012_val_00000461.JPEG,51,19,True,643,,,2026-02-15T15:36:13.291523
SquareAttack,3,ILSVRC2012_val_00000751.JPEG,52,331,True,390,19,390,2026-02-15T15:36:18.850358
SquareAttack,3,ILSVRC2012_val_00002134.JPEG,53,1,True,60,,,2026-02-15T15:36:18.907764
SquareAttack,3,ILSVRC2012_val_00000781.JPEG,60,1,True,67,,,2026-02-15T15:36:18.970631
SquareAttack,3,ILSVRC2012_val_00000132.JPEG,64,110,True,59,62,59,2026-02-15T15:36:21.103520
SquareAttack,3,ILSVRC2012_val_00000208.JPEG,56,3333,True,53,45,53,2026-02-15T15:37:11.768656
SquareAttack,3,ILSVRC2012_val_00001038.JPEG,57,2405,True,52,78,52,2026-02-15T15:37:47.963430
SquareAttack,3,ILSVRC2012_val_00002124.JPEG,63,12,True,58,,,2026-02-15T15:37:48.320696
SquareAttack,3,ILSVRC2012_val_00001111.JPEG,46,18,True,94,,,2026-02-15T15:37:48.787275
SquareAttack,3,ILSVRC2012_val_00000054.JPEG,60,1,True,56,,,2026-02-15T15:37:48.854460
SquareAttack,3,ILSVRC2012_val_00000296.JPEG,61,626,True,62,22,62,2026-02-15T15:37:58.743495
SquareAttack,3,ILSVRC2012_val_00000120.JPEG,62,793,True,61,4,61,2026-02-15T15:38:11.143695
SquareAttack,3,ILSVRC2012_val_00000150.JPEG,63,788,True,68,24,68,2026-02-15T15:38:23.290754
SquareAttack,3,ILSVRC2012_val_00000560.JPEG,378,33,True,59,,,2026-02-15T15:38:24.157929
SquareAttack,3,ILSVRC2012_val_00005869.JPEG,119,1,True,125,,,2026-02-15T15:38:24.208842
SquareAttack,3,ILSVRC2012_val_00000278.JPEG,66,3038,True,68,31,68,2026-02-15T15:39:09.856072
SquareAttack,3,ILSVRC2012_val_00001964.JPEG,68,1,True,67,,,2026-02-15T15:39:09.904637
SquareAttack,3,ILSVRC2012_val_00000194.JPEG,68,1,True,66,,,2026-02-15T15:39:09.980225
SquareAttack,3,ILSVRC2012_val_00001321.JPEG,69,1,True,972,,,2026-02-15T15:39:10.026559
SquareAttack,3,ILSVRC2012_val_00000046.JPEG,70,3134,True,73,19,73,2026-02-15T15:39:57.428615
SimBA,2,ILSVRC2012_val_00000228.JPEG,72,12677,True,74,3,74,2026-02-15T15:40:02.071712
SimBA,2,ILSVRC2012_val_00000677.JPEG,73,3399,True,74,5,74,2026-02-15T15:41:27.076938
SquareAttack,3,ILSVRC2012_val_00000237.JPEG,71,12239,True,99,51,99,2026-02-15T15:43:00.340515
SquareAttack,3,ILSVRC2012_val_00000228.JPEG,72,4885,True,74,4,74,2026-02-15T15:44:13.353631
SquareAttack,3,ILSVRC2012_val_00000677.JPEG,73,138,True,591,,,2026-02-15T15:44:15.909536
SquareAttack,3,ILSVRC2012_val_00000552.JPEG,72,3867,True,74,95,74,2026-02-15T15:45:13.888431
SquareAttack,3,ILSVRC2012_val_00000603.JPEG,75,3753,True,73,37,73,2026-02-15T15:46:09.765630
SquareAttack,3,ILSVRC2012_val_00000522.JPEG,76,1703,True,73,27,73,2026-02-15T15:46:35.481082
SquareAttack,3,ILSVRC2012_val_00001131.JPEG,75,1,True,73,,,2026-02-15T15:46:35.531474
SimBA,2,ILSVRC2012_val_00000552.JPEG,72,15000,False,72,4,74,2026-02-15T15:47:43.035715
SquareAttack,3,ILSVRC2012_val_00001350.JPEG,78,4544,True,73,36,73,2026-02-15T15:47:43.607568
SquareAttack,3,ILSVRC2012_val_00003857.JPEG,630,1,True,594,,,2026-02-15T15:47:43.663854
SquareAttack,3,ILSVRC2012_val_00000807.JPEG,80,1088,True,998,33,998,2026-02-15T15:48:00.464858
SquareAttack,3,ILSVRC2012_val_00001888.JPEG,82,623,True,81,106,81,2026-02-15T15:48:10.285755
SquareAttack,3,ILSVRC2012_val_00000102.JPEG,83,1202,True,80,18,80,2026-02-15T15:48:28.565582
SquareAttack,3,ILSVRC2012_val_00000881.JPEG,84,1148,True,580,19,580,2026-02-15T15:48:46.211035
SquareAttack,3,ILSVRC2012_val_00001419.JPEG,85,5070,True,86,103,86,2026-02-15T15:50:02.888227
SquareAttack,3,ILSVRC2012_val_00000024.JPEG,87,2326,True,594,306,594,2026-02-15T15:50:37.722520
SquareAttack,3,ILSVRC2012_val_00000265.JPEG,88,9187,True,854,98,854,2026-02-15T15:52:55.237548
SimBA,2,ILSVRC2012_val_00000603.JPEG,75,13013,True,73,3,73,2026-02-15T15:53:23.746998
SquareAttack,3,ILSVRC2012_val_00000011.JPEG,89,5322,True,132,87,132,2026-02-15T15:54:14.727782
SquareAttack,3,ILSVRC2012_val_00001245.JPEG,90,3771,True,854,8,854,2026-02-15T15:55:11.329641
SquareAttack,3,ILSVRC2012_val_00000001.JPEG,91,1259,True,916,27,916,2026-02-15T15:55:30.889050
SimBA,2,ILSVRC2012_val_00000522.JPEG,76,7188,True,73,3,73,2026-02-15T15:56:22.943885
SimBA,2,ILSVRC2012_val_00001131.JPEG,75,22,True,77,4,77,2026-02-15T15:56:23.826682
SquareAttack,3,ILSVRC2012_val_00003751.JPEG,92,9207,True,854,195,854,2026-02-15T15:57:46.439906
SquareAttack,3,ILSVRC2012_val_00001186.JPEG,93,901,True,135,82,135,2026-02-15T15:58:00.538181
SquareAttack,3,ILSVRC2012_val_00001390.JPEG,95,5903,True,92,11,92,2026-02-15T15:59:28.592361
SquareAttack,3,ILSVRC2012_val_00000204.JPEG,96,3017,True,93,109,93,2026-02-15T16:00:14.620378
SimBA,2,ILSVRC2012_val_00001350.JPEG,78,9783,True,73,3,73,2026-02-15T16:00:30.867024
SquareAttack,3,ILSVRC2012_val_00001305.JPEG,97,2112,True,98,38,98,2026-02-15T16:00:46.943749
SquareAttack,3,ILSVRC2012_val_00000119.JPEG,98,1137,True,131,419,131,2026-02-15T16:01:04.527224
SimBA,2,ILSVRC2012_val_00003857.JPEG,630,1885,True,429,3,429,2026-02-15T16:01:16.817055
SquareAttack,3,ILSVRC2012_val_00001045.JPEG,99,963,True,975,22,975,2026-02-15T16:01:19.366417
SquareAttack,5,ILSVRC2012_val_00000309.JPEG,0,760,True,758,293,758,2026-02-15T16:01:31.215215
SquareAttack,5,ILSVRC2012_val_00000826.JPEG,301,1,True,1,,,2026-02-15T16:01:31.281387
SquareAttack,5,ILSVRC2012_val_00000294.JPEG,4,1,True,3,,,2026-02-15T16:01:31.339011
SquareAttack,5,ILSVRC2012_val_00000324.JPEG,4,95,True,3,91,3,2026-02-15T16:01:33.377320
SquareAttack,5,ILSVRC2012_val_00002923.JPEG,6,1,True,854,,,2026-02-15T16:01:33.440609
SquareAttack,5,ILSVRC2012_val_00001322.JPEG,6,788,True,5,87,5,2026-02-15T16:01:45.764431
SquareAttack,5,ILSVRC2012_val_00003561.JPEG,7,1661,True,8,7,8,2026-02-15T16:02:11.219042
SquareAttack,5,ILSVRC2012_val_00001614.JPEG,8,914,True,7,36,7,2026-02-15T16:02:25.548094
SquareAttack,5,ILSVRC2012_val_00000378.JPEG,9,13664,True,138,18,138,2026-02-15T16:05:51.135793
SquareAttack,5,ILSVRC2012_val_00001493.JPEG,10,155,True,11,107,11,2026-02-15T16:05:54.073528
SquareAttack,5,ILSVRC2012_val_00001195.JPEG,11,178,True,90,,,2026-02-15T16:05:57.272753
SquareAttack,5,ILSVRC2012_val_00003287.JPEG,12,3063,True,854,185,854,2026-02-15T16:06:43.084902
SimBA,2,ILSVRC2012_val_00000807.JPEG,80,15000,False,80,3,83,2026-02-15T16:07:41.623104
SimBA,2,ILSVRC2012_val_00001888.JPEG,82,2016,True,81,7,81,2026-02-15T16:08:31.436201
SquareAttack,5,ILSVRC2012_val_00000153.JPEG,15,11932,True,912,161,912,2026-02-15T16:09:41.507805
SquareAttack,5,ILSVRC2012_val_00000188.JPEG,16,1,True,17,,,2026-02-15T16:09:41.539304
SquareAttack,5,ILSVRC2012_val_00001044.JPEG,18,1,True,133,,,2026-02-15T16:09:41.586994
SquareAttack,5,ILSVRC2012_val_00000005.JPEG,19,6830,True,654,218,654,2026-02-15T16:11:23.337677
SimBA,2,ILSVRC2012_val_00000102.JPEG,83,9060,True,80,3,80,2026-02-15T16:12:15.492841
SquareAttack,5,ILSVRC2012_val_00001912.JPEG,20,15000,False,20,206,13,2026-02-15T16:15:10.119570
SquareAttack,5,ILSVRC2012_val_00001861.JPEG,21,1594,True,89,828,89,2026-02-15T16:15:34.833266
SquareAttack,5,ILSVRC2012_val_00002085.JPEG,22,1,True,23,,,2026-02-15T16:15:34.886338
SquareAttack,5,ILSVRC2012_val_00001478.JPEG,23,647,True,21,130,21,2026-02-15T16:15:45.026769
SimBA,2,ILSVRC2012_val_00000881.JPEG,84,9286,True,580,3,580,2026-02-15T16:16:03.756729
SquareAttack,5,ILSVRC2012_val_00000880.JPEG,24,13658,True,854,108,854,2026-02-15T16:19:09.082245
SquareAttack,5,ILSVRC2012_val_00001002.JPEG,25,3208,True,26,106,26,2026-02-15T16:19:57.517697
SquareAttack,5,ILSVRC2012_val_00001108.JPEG,26,61,True,29,61,29,2026-02-15T16:19:59.085938
SquareAttack,5,ILSVRC2012_val_00000561.JPEG,119,1,True,73,,,2026-02-15T16:19:59.131201
SquareAttack,5,ILSVRC2012_val_00000321.JPEG,29,1085,True,916,80,916,2026-02-15T16:20:16.174190
SquareAttack,5,ILSVRC2012_val_00000588.JPEG,30,749,True,32,29,32,2026-02-15T16:20:27.964013
SquareAttack,5,ILSVRC2012_val_00002403.JPEG,32,81,True,30,80,30,2026-02-15T16:20:29.794188
SquareAttack,5,ILSVRC2012_val_00000295.JPEG,33,103,True,113,,,2026-02-15T16:20:31.821867
SquareAttack,5,ILSVRC2012_val_00000793.JPEG,34,2,True,33,,,2026-02-15T16:20:31.914306
SquareAttack,5,ILSVRC2012_val_00001869.JPEG,36,234,True,35,104,35,2026-02-15T16:20:36.088729
SquareAttack,5,ILSVRC2012_val_00000395.JPEG,37,883,True,35,58,35,2026-02-15T16:20:50.022743
SquareAttack,5,ILSVRC2012_val_00000625.JPEG,38,1,True,43,,,2026-02-15T16:20:50.074005
SimBA,2,ILSVRC2012_val_00001419.JPEG,85,14197,True,86,3,86,2026-02-15T16:22:08.376736
SquareAttack,5,ILSVRC2012_val_00004042.JPEG,39,7339,True,43,54,43,2026-02-15T16:22:39.602661
SquareAttack,5,ILSVRC2012_val_00000107.JPEG,40,1116,True,46,332,46,2026-02-15T16:22:56.919683
SquareAttack,5,ILSVRC2012_val_00000731.JPEG,41,334,True,44,99,44,2026-02-15T16:23:02.468617
SquareAttack,5,ILSVRC2012_val_00001628.JPEG,42,795,True,854,336,854,2026-02-15T16:23:15.018124
SquareAttack,5,ILSVRC2012_val_00000556.JPEG,43,4104,True,42,35,42,2026-02-15T16:24:16.929258
SquareAttack,5,ILSVRC2012_val_00000270.JPEG,44,79,True,38,,,2026-02-15T16:24:18.740476
SquareAttack,5,ILSVRC2012_val_00002575.JPEG,45,994,True,854,339,854,2026-02-15T16:24:34.100926
SquareAttack,5,ILSVRC2012_val_00000053.JPEG,40,1,True,46,,,2026-02-15T16:24:34.144927
SquareAttack,5,ILSVRC2012_val_00001455.JPEG,47,3565,True,894,78,894,2026-02-15T16:25:27.939402
SquareAttack,5,ILSVRC2012_val_00000406.JPEG,48,765,True,39,29,39,2026-02-15T16:25:40.161334
SquareAttack,5,ILSVRC2012_val_00000846.JPEG,49,344,True,337,,,2026-02-15T16:25:45.971469
SquareAttack,5,ILSVRC2012_val_00000187.JPEG,328,1,True,794,,,2026-02-15T16:25:46.021176
SquareAttack,5,ILSVRC2012_val_00000461.JPEG,51,19,True,643,,,2026-02-15T16:25:46.559990
SquareAttack,5,ILSVRC2012_val_00000751.JPEG,52,331,True,390,91,390,2026-02-15T16:25:52.010172
SquareAttack,5,ILSVRC2012_val_00002134.JPEG,53,1,True,60,,,2026-02-15T16:25:52.062091
SquareAttack,5,ILSVRC2012_val_00000781.JPEG,60,1,True,67,,,2026-02-15T16:25:52.105685
SquareAttack,5,ILSVRC2012_val_00000132.JPEG,64,96,True,59,92,59,2026-02-15T16:25:54.097328
SquareAttack,5,ILSVRC2012_val_00000208.JPEG,56,3681,True,53,69,53,2026-02-15T16:26:50.022624
SquareAttack,5,ILSVRC2012_val_00001038.JPEG,57,2632,True,52,81,52,2026-02-15T16:27:29.500341
SquareAttack,5,ILSVRC2012_val_00002124.JPEG,63,12,True,58,,,2026-02-15T16:27:29.887570
SquareAttack,5,ILSVRC2012_val_00001111.JPEG,46,18,True,94,,,2026-02-15T16:27:30.365390
SquareAttack,5,ILSVRC2012_val_00000054.JPEG,60,1,True,56,,,2026-02-15T16:27:30.410708
SquareAttack,5,ILSVRC2012_val_00000296.JPEG,61,833,True,62,50,62,2026-02-15T16:27:43.590715
SquareAttack,5,ILSVRC2012_val_00000120.JPEG,62,727,True,61,16,61,2026-02-15T16:27:54.903320
SquareAttack,5,ILSVRC2012_val_00000150.JPEG,63,846,True,68,94,68,2026-02-15T16:28:08.047308
SquareAttack,5,ILSVRC2012_val_00000560.JPEG,378,33,True,59,,,2026-02-15T16:28:08.857724
SquareAttack,5,ILSVRC2012_val_00005869.JPEG,119,1,True,125,,,2026-02-15T16:28:08.914757
SimBA,2,ILSVRC2012_val_00000024.JPEG,87,15000,False,87,3,89,2026-02-15T16:28:29.731037
SquareAttack,5,ILSVRC2012_val_00000278.JPEG,66,2450,True,68,43,68,2026-02-15T16:28:46.360126
SquareAttack,5,ILSVRC2012_val_00001964.JPEG,68,1,True,67,,,2026-02-15T16:28:46.419524
SquareAttack,5,ILSVRC2012_val_00000194.JPEG,68,1,True,66,,,2026-02-15T16:28:46.484868
SquareAttack,5,ILSVRC2012_val_00001321.JPEG,69,1,True,972,,,2026-02-15T16:28:46.533820
SquareAttack,5,ILSVRC2012_val_00000046.JPEG,70,3090,True,73,43,73,2026-02-15T16:29:33.511133
SquareAttack,5,ILSVRC2012_val_00000237.JPEG,71,9024,True,99,86,99,2026-02-15T16:31:49.072394
SquareAttack,5,ILSVRC2012_val_00000228.JPEG,72,4539,True,74,11,74,2026-02-15T16:32:56.444736
SquareAttack,5,ILSVRC2012_val_00000677.JPEG,73,138,True,591,,,2026-02-15T16:32:59.157343
SimBA,2,ILSVRC2012_val_00000265.JPEG,88,15000,False,88,3,90,2026-02-15T16:34:44.912906
SquareAttack,5,ILSVRC2012_val_00000552.JPEG,72,8206,True,74,192,74,2026-02-15T16:35:02.121901
SquareAttack,5,ILSVRC2012_val_00000603.JPEG,75,4007,True,73,83,73,2026-02-15T16:36:02.715704
SquareAttack,5,ILSVRC2012_val_00000522.JPEG,76,1748,True,73,72,73,2026-02-15T16:36:29.505432
SquareAttack,5,ILSVRC2012_val_00001131.JPEG,75,1,True,73,,,2026-02-15T16:36:29.550740
SquareAttack,5,ILSVRC2012_val_00001350.JPEG,78,4179,True,73,87,73,2026-02-15T16:37:32.267864
SquareAttack,5,ILSVRC2012_val_00003857.JPEG,630,1,True,594,,,2026-02-15T16:37:32.315105
SquareAttack,5,ILSVRC2012_val_00000807.JPEG,80,1748,True,998,75,998,2026-02-15T16:37:59.316183
SquareAttack,5,ILSVRC2012_val_00001888.JPEG,82,722,True,81,224,81,2026-02-15T16:38:10.670014
SquareAttack,5,ILSVRC2012_val_00000102.JPEG,83,1254,True,80,33,80,2026-02-15T16:38:30.190080
SquareAttack,5,ILSVRC2012_val_00000881.JPEG,84,1112,True,580,53,580,2026-02-15T16:38:47.588517
SimBA,2,ILSVRC2012_val_00000011.JPEG,89,11004,True,132,3,132,2026-02-15T16:39:17.750344
SquareAttack,5,ILSVRC2012_val_00001419.JPEG,85,5099,True,86,115,86,2026-02-15T16:40:04.450249
SquareAttack,5,ILSVRC2012_val_00000024.JPEG,87,2774,True,594,322,594,2026-02-15T16:40:46.153717
SquareAttack,5,ILSVRC2012_val_00000265.JPEG,88,12798,True,708,559,708,2026-02-15T16:43:59.213510
SquareAttack,5,ILSVRC2012_val_00000011.JPEG,89,4593,True,132,161,132,2026-02-15T16:45:08.394211
SimBA,2,ILSVRC2012_val_00001245.JPEG,90,15000,False,90,3,89,2026-02-15T16:45:36.335663
SquareAttack,5,ILSVRC2012_val_00001245.JPEG,90,2045,True,854,37,854,2026-02-15T16:45:39.156794
SquareAttack,5,ILSVRC2012_val_00000001.JPEG,91,1383,True,916,42,916,2026-02-15T16:46:00.244122
SquareAttack,5,ILSVRC2012_val_00003751.JPEG,92,4529,True,854,264,854,2026-02-15T16:47:08.067050
SquareAttack,5,ILSVRC2012_val_00001186.JPEG,93,971,True,135,346,135,2026-02-15T16:47:23.592006
SquareAttack,5,ILSVRC2012_val_00001390.JPEG,95,6102,True,92,20,92,2026-02-15T16:48:55.239657
SimBA,2,ILSVRC2012_val_00000001.JPEG,91,8373,True,916,4,916,2026-02-15T16:49:06.144560
SquareAttack,5,ILSVRC2012_val_00000204.JPEG,96,7736,True,973,372,973,2026-02-15T16:50:50.545615
SimBA,2,ILSVRC2012_val_00003751.JPEG,92,4532,True,95,5,95,2026-02-15T16:51:00.944435
SquareAttack,5,ILSVRC2012_val_00001305.JPEG,97,1030,True,98,82,98,2026-02-15T16:51:06.624038
SquareAttack,5,ILSVRC2012_val_00000119.JPEG,98,2573,True,946,804,946,2026-02-15T16:51:45.805368
SquareAttack,5,ILSVRC2012_val_00001045.JPEG,99,120,True,134,,,2026-02-15T16:51:48.330756
SquareAttack,8,ILSVRC2012_val_00000309.JPEG,0,753,True,758,390,758,2026-02-15T16:52:00.133917
SquareAttack,8,ILSVRC2012_val_00000826.JPEG,301,1,True,1,,,2026-02-15T16:52:00.211323
SquareAttack,8,ILSVRC2012_val_00000294.JPEG,4,1,True,3,,,2026-02-15T16:52:00.258365
SquareAttack,8,ILSVRC2012_val_00000324.JPEG,4,95,True,3,,,2026-02-15T16:52:02.199746
SquareAttack,8,ILSVRC2012_val_00002923.JPEG,6,1,True,854,,,2026-02-15T16:52:02.247063
SquareAttack,8,ILSVRC2012_val_00001322.JPEG,6,861,True,5,123,5,2026-02-15T16:52:15.718979
SquareAttack,8,ILSVRC2012_val_00003561.JPEG,7,1620,True,8,23,8,2026-02-15T16:52:40.316182
SquareAttack,8,ILSVRC2012_val_00001614.JPEG,8,863,True,7,84,7,2026-02-15T16:52:53.969418
SquareAttack,8,ILSVRC2012_val_00000378.JPEG,9,9131,True,138,79,138,2026-02-15T16:55:12.080408
SquareAttack,8,ILSVRC2012_val_00001493.JPEG,10,261,True,11,155,11,2026-02-15T16:55:16.682633
SquareAttack,8,ILSVRC2012_val_00001195.JPEG,11,178,True,90,,,2026-02-15T16:55:19.943869
SquareAttack,8,ILSVRC2012_val_00003287.JPEG,12,3353,True,854,334,854,2026-02-15T16:56:09.992972
SimBA,2,ILSVRC2012_val_00001186.JPEG,93,15000,False,93,3,96,2026-02-15T16:57:09.971357
SquareAttack,8,ILSVRC2012_val_00000153.JPEG,15,11271,True,912,229,912,2026-02-15T16:58:58.838396
SquareAttack,8,ILSVRC2012_val_00000188.JPEG,16,1,True,17,,,2026-02-15T16:58:58.885645
SquareAttack,8,ILSVRC2012_val_00001044.JPEG,18,1,True,133,,,2026-02-15T16:58:58.933308
SimBA,2,ILSVRC2012_val_00001390.JPEG,95,7292,True,94,3,94,2026-02-15T17:00:12.269047
SquareAttack,8,ILSVRC2012_val_00000005.JPEG,19,6395,True,654,259,654,2026-02-15T17:00:34.289346
SquareAttack,8,ILSVRC2012_val_00001912.JPEG,20,12881,True,13,303,13,2026-02-15T17:03:48.399896
SquareAttack,8,ILSVRC2012_val_00001861.JPEG,21,1799,True,89,859,89,2026-02-15T17:04:16.201984
SquareAttack,8,ILSVRC2012_val_00002085.JPEG,22,1,True,23,,,2026-02-15T17:04:16.249412
SquareAttack,8,ILSVRC2012_val_00001478.JPEG,23,943,True,21,256,21,2026-02-15T17:04:31.547973
SimBA,2,ILSVRC2012_val_00000204.JPEG,96,15000,False,96,4,973,2026-02-15T17:06:47.294905
SquareAttack,8,ILSVRC2012_val_00000880.JPEG,24,15000,False,24,328,854,2026-02-15T17:08:24.421281
SquareAttack,8,ILSVRC2012_val_00001002.JPEG,25,3185,True,26,135,26,2026-02-15T17:09:13.797153
SquareAttack,8,ILSVRC2012_val_00001108.JPEG,26,61,True,29,,,2026-02-15T17:09:15.336700
SquareAttack,8,ILSVRC2012_val_00000561.JPEG,119,1,True,73,,,2026-02-15T17:09:15.386062
SquareAttack,8,ILSVRC2012_val_00000321.JPEG,29,1583,True,916,105,916,2026-02-15T17:09:40.694549
SquareAttack,8,ILSVRC2012_val_00000588.JPEG,30,760,True,32,69,32,2026-02-15T17:09:53.243715
SquareAttack,8,ILSVRC2012_val_00002403.JPEG,32,81,True,30,,,2026-02-15T17:09:55.141158
SquareAttack,8,ILSVRC2012_val_00000295.JPEG,33,103,True,113,,,2026-02-15T17:09:57.322076
SquareAttack,8,ILSVRC2012_val_00000793.JPEG,34,2,True,33,,,2026-02-15T17:09:57.416010
SquareAttack,8,ILSVRC2012_val_00001869.JPEG,36,362,True,35,193,35,2026-02-15T17:10:03.826865
SquareAttack,8,ILSVRC2012_val_00000395.JPEG,37,820,True,35,89,35,2026-02-15T17:10:17.220807
SquareAttack,8,ILSVRC2012_val_00000625.JPEG,38,1,True,43,,,2026-02-15T17:10:17.273023
SquareAttack,8,ILSVRC2012_val_00004042.JPEG,39,6367,True,43,78,43,2026-02-15T17:11:55.610434
SquareAttack,8,ILSVRC2012_val_00000107.JPEG,40,549,True,38,,,2026-02-15T17:12:04.620035
SquareAttack,8,ILSVRC2012_val_00000731.JPEG,41,312,True,44,166,44,2026-02-15T17:12:09.944795
SquareAttack,8,ILSVRC2012_val_00001628.JPEG,42,1143,True,854,420,854,2026-02-15T17:12:27.994634
SquareAttack,8,ILSVRC2012_val_00000556.JPEG,43,3503,True,42,44,42,2026-02-15T17:13:22.133086
SquareAttack,8,ILSVRC2012_val_00000270.JPEG,44,79,True,38,,,2026-02-15T17:13:23.885540
SquareAttack,8,ILSVRC2012_val_00002575.JPEG,45,651,True,854,383,854,2026-02-15T17:13:34.213344
SquareAttack,8,ILSVRC2012_val_00000053.JPEG,40,1,True,46,,,2026-02-15T17:13:34.252112
SimBA,2,ILSVRC2012_val_00001305.JPEG,97,15000,False,97,4,300,2026-02-15T17:13:42.804707
SquareAttack,8,ILSVRC2012_val_00001455.JPEG,47,3533,True,894,108,894,2026-02-15T17:14:29.132231
SquareAttack,8,ILSVRC2012_val_00000406.JPEG,48,414,True,39,45,39,2026-02-15T17:14:36.220092
SquareAttack,8,ILSVRC2012_val_00000846.JPEG,49,344,True,337,,,2026-02-15T17:14:42.261071
SquareAttack,8,ILSVRC2012_val_00000187.JPEG,328,1,True,794,,,2026-02-15T17:14:42.318424
SquareAttack,8,ILSVRC2012_val_00000461.JPEG,51,19,True,643,,,2026-02-15T17:14:42.828113
SquareAttack,8,ILSVRC2012_val_00000751.JPEG,52,370,True,390,335,390,2026-02-15T17:14:49.294937
SquareAttack,8,ILSVRC2012_val_00002134.JPEG,53,1,True,60,,,2026-02-15T17:14:49.342992
SquareAttack,8,ILSVRC2012_val_00000781.JPEG,60,1,True,67,,,2026-02-15T17:14:49.384640
SquareAttack,8,ILSVRC2012_val_00000132.JPEG,64,118,True,59,118,59,2026-02-15T17:14:51.854229
SquareAttack,8,ILSVRC2012_val_00000208.JPEG,56,3707,True,53,103,53,2026-02-15T17:15:49.541113
SquareAttack,8,ILSVRC2012_val_00001038.JPEG,57,1996,True,52,268,52,2026-02-15T17:16:20.588996
SquareAttack,8,ILSVRC2012_val_00002124.JPEG,63,12,True,58,,,2026-02-15T17:16:20.937944
SquareAttack,8,ILSVRC2012_val_00001111.JPEG,46,18,True,94,,,2026-02-15T17:16:21.452432
SquareAttack,8,ILSVRC2012_val_00000054.JPEG,60,1,True,56,,,2026-02-15T17:16:21.498046
SquareAttack,8,ILSVRC2012_val_00000296.JPEG,61,483,True,62,78,62,2026-02-15T17:16:29.708410
SquareAttack,8,ILSVRC2012_val_00000120.JPEG,62,817,True,61,94,61,2026-02-15T17:16:42.977971
SquareAttack,8,ILSVRC2012_val_00000150.JPEG,63,779,True,68,503,68,2026-02-15T17:16:55.895131
SquareAttack,8,ILSVRC2012_val_00000560.JPEG,378,33,True,59,,,2026-02-15T17:16:56.770716
SquareAttack,8,ILSVRC2012_val_00005869.JPEG,119,1,True,125,,,2026-02-15T17:16:56.822635
SquareAttack,8,ILSVRC2012_val_00000278.JPEG,66,2838,True,68,91,68,2026-02-15T17:17:40.784686
SquareAttack,8,ILSVRC2012_val_00001964.JPEG,68,1,True,67,,,2026-02-15T17:17:40.834472
SquareAttack,8,ILSVRC2012_val_00000194.JPEG,68,1,True,66,,,2026-02-15T17:17:40.902722
SquareAttack,8,ILSVRC2012_val_00001321.JPEG,69,1,True,972,,,2026-02-15T17:17:40.950066
SquareAttack,8,ILSVRC2012_val_00000046.JPEG,70,2683,True,73,99,73,2026-02-15T17:18:22.880723
SimBA,2,ILSVRC2012_val_00000119.JPEG,98,15000,False,98,3,335,2026-02-15T17:20:41.765105
SquareAttack,8,ILSVRC2012_val_00000237.JPEG,71,10433,True,99,95,99,2026-02-15T17:21:03.840342
SquareAttack,8,ILSVRC2012_val_00000228.JPEG,72,3259,True,74,23,74,2026-02-15T17:21:53.603229
SquareAttack,8,ILSVRC2012_val_00000677.JPEG,73,138,True,591,,,2026-02-15T17:21:56.340763
SimBA,2,ILSVRC2012_val_00001045.JPEG,99,4305,True,84,4,84,2026-02-15T17:22:37.830689
SquareAttack,8,ILSVRC2012_val_00000552.JPEG,72,6373,True,74,508,74,2026-02-15T17:23:34.182268
SquareAttack,8,ILSVRC2012_val_00000603.JPEG,75,3419,True,73,121,73,2026-02-15T17:24:26.661945
SquareAttack,8,ILSVRC2012_val_00000522.JPEG,76,900,True,73,101,73,2026-02-15T17:24:41.027086
SquareAttack,8,ILSVRC2012_val_00001131.JPEG,75,1,True,73,,,2026-02-15T17:24:41.084809
SimBA,3,ILSVRC2012_val_00000309.JPEG,0,6812,True,758,4,758,2026-02-15T17:25:40.827404
SimBA,3,ILSVRC2012_val_00000826.JPEG,301,21,True,1,5,1,2026-02-15T17:25:41.681088
SimBA,3,ILSVRC2012_val_00000294.JPEG,4,80,True,3,6,3,2026-02-15T17:25:44.373628
SquareAttack,8,ILSVRC2012_val_00001350.JPEG,78,4696,True,73,99,73,2026-02-15T17:25:53.362832
SquareAttack,8,ILSVRC2012_val_00003857.JPEG,630,1,True,594,,,2026-02-15T17:25:53.396110
SquareAttack,8,ILSVRC2012_val_00000807.JPEG,80,961,True,998,121,998,2026-02-15T17:26:08.914541
SquareAttack,8,ILSVRC2012_val_00001888.JPEG,82,766,True,81,303,81,2026-02-15T17:26:21.116111
SquareAttack,8,ILSVRC2012_val_00000102.JPEG,83,1024,True,80,131,80,2026-02-15T17:26:37.625321
SimBA,3,ILSVRC2012_val_00000324.JPEG,4,2010,True,3,7,3,2026-02-15T17:26:40.563633
SimBA,3,ILSVRC2012_val_00002923.JPEG,6,47,True,5,5,5,2026-02-15T17:26:42.368503
SquareAttack,8,ILSVRC2012_val_00000881.JPEG,84,1400,True,580,85,580,2026-02-15T17:26:59.326564
SquareAttack,8,ILSVRC2012_val_00001419.JPEG,85,4091,True,86,494,86,2026-02-15T17:28:02.658121
SquareAttack,8,ILSVRC2012_val_00000024.JPEG,87,1797,True,389,392,389,2026-02-15T17:28:31.162312
SimBA,3,ILSVRC2012_val_00001322.JPEG,6,5311,True,5,4,5,2026-02-15T17:29:07.791858
SimBA,3,ILSVRC2012_val_00003561.JPEG,7,6253,True,8,6,8,2026-02-15T17:31:59.479710
SquareAttack,8,ILSVRC2012_val_00000265.JPEG,88,15000,False,88,895,662,2026-02-15T17:32:21.770721
SquareAttack,8,ILSVRC2012_val_00000011.JPEG,89,4681,True,132,289,132,2026-02-15T17:33:33.478373
SquareAttack,8,ILSVRC2012_val_00001245.JPEG,90,3576,True,854,88,854,2026-02-15T17:34:28.617706
SimBA,3,ILSVRC2012_val_00001614.JPEG,8,5991,True,7,7,7,2026-02-15T17:34:39.277428
SquareAttack,8,ILSVRC2012_val_00000001.JPEG,91,1889,True,916,65,916,2026-02-15T17:34:57.903709
SquareAttack,8,ILSVRC2012_val_00003751.JPEG,92,8076,True,854,349,854,2026-02-15T17:37:01.871927
SquareAttack,8,ILSVRC2012_val_00001186.JPEG,93,1638,True,17,627,17,2026-02-15T17:37:27.992458
SquareAttack,8,ILSVRC2012_val_00001390.JPEG,95,3692,True,92,339,92,2026-02-15T17:38:25.450622
SquareAttack,8,ILSVRC2012_val_00000204.JPEG,96,8008,True,973,547,973,2026-02-15T17:40:27.842099
SquareAttack,8,ILSVRC2012_val_00001305.JPEG,97,1601,True,98,221,98,2026-02-15T17:40:52.919624
SimBA,3,ILSVRC2012_val_00000378.JPEG,9,15000,False,9,4,138,2026-02-15T17:41:23.312619
SquareAttack,8,ILSVRC2012_val_00000119.JPEG,98,3056,True,946,905,946,2026-02-15T17:41:39.927790
SquareAttack,8,ILSVRC2012_val_00001045.JPEG,99,120,True,134,,,2026-02-15T17:41:42.519951
SquareAttack,10,ILSVRC2012_val_00000309.JPEG,0,855,True,758,425,758,2026-02-15T17:41:56.196313
SquareAttack,10,ILSVRC2012_val_00000826.JPEG,301,1,True,1,,,2026-02-15T17:41:56.270828
SquareAttack,10,ILSVRC2012_val_00000294.JPEG,4,1,True,3,,,2026-02-15T17:41:56.324602
SquareAttack,10,ILSVRC2012_val_00000324.JPEG,4,95,True,3,,,2026-02-15T17:41:58.333927
SquareAttack,10,ILSVRC2012_val_00002923.JPEG,6,1,True,854,,,2026-02-15T17:41:58.375599
SquareAttack,10,ILSVRC2012_val_00001322.JPEG,6,832,True,5,130,5,2026-02-15T17:42:11.686007
SquareAttack,10,ILSVRC2012_val_00003561.JPEG,7,1539,True,8,31,8,2026-02-15T17:42:35.515046
SquareAttack,10,ILSVRC2012_val_00001614.JPEG,8,1262,True,7,91,7,2026-02-15T17:42:55.304998
SimBA,3,ILSVRC2012_val_00001493.JPEG,10,4816,True,11,4,11,2026-02-15T17:43:32.362668
SquareAttack,10,ILSVRC2012_val_00000378.JPEG,9,9475,True,138,104,138,2026-02-15T17:45:19.908647
SquareAttack,10,ILSVRC2012_val_00001493.JPEG,10,261,True,11,254,11,2026-02-15T17:45:24.600781
SquareAttack,10,ILSVRC2012_val_00001195.JPEG,11,178,True,90,,,2026-02-15T17:45:27.850675
SimBA,3,ILSVRC2012_val_00001195.JPEG,11,5203,True,16,5,16,2026-02-15T17:45:52.122744
SquareAttack,10,ILSVRC2012_val_00003287.JPEG,12,3276,True,854,358,854,2026-02-15T17:46:18.158154
SquareAttack,10,ILSVRC2012_val_00000153.JPEG,15,9545,True,912,326,912,2026-02-15T17:48:43.461295
SquareAttack,10,ILSVRC2012_val_00000188.JPEG,16,1,True,17,,,2026-02-15T17:48:43.509081
SquareAttack,10,ILSVRC2012_val_00001044.JPEG,18,1,True,133,,,2026-02-15T17:48:43.553748
SquareAttack,10,ILSVRC2012_val_00000005.JPEG,19,3310,True,654,337,654,2026-02-15T17:49:34.425834
SimBA,3,ILSVRC2012_val_00003287.JPEG,12,15000,False,12,10,10,2026-02-15T17:53:02.900747
SquareAttack,10,ILSVRC2012_val_00001912.JPEG,20,15000,False,20,335,13,2026-02-15T17:53:24.296236
SquareAttack,10,ILSVRC2012_val_00001861.JPEG,21,1623,True,89,921,89,2026-02-15T17:53:49.854870
SquareAttack,10,ILSVRC2012_val_00002085.JPEG,22,1,True,23,,,2026-02-15T17:53:49.916341
SquareAttack,10,ILSVRC2012_val_00001478.JPEG,23,924,True,21,309,21,2026-02-15T17:54:04.991241
SquareAttack,10,ILSVRC2012_val_00000880.JPEG,24,9707,True,494,966,494,2026-02-15T17:56:35.347805
SquareAttack,10,ILSVRC2012_val_00001002.JPEG,25,3201,True,26,155,26,2026-02-15T17:57:24.639354
SquareAttack,10,ILSVRC2012_val_00001108.JPEG,26,61,True,29,,,2026-02-15T17:57:26.127321
SquareAttack,10,ILSVRC2012_val_00000561.JPEG,119,1,True,73,,,2026-02-15T17:57:26.180049
SquareAttack,10,ILSVRC2012_val_00000321.JPEG,29,1537,True,916,173,916,2026-02-15T17:57:50.241999
SquareAttack,10,ILSVRC2012_val_00000588.JPEG,30,784,True,32,81,32,2026-02-15T17:58:02.738036
SquareAttack,10,ILSVRC2012_val_00002403.JPEG,32,81,True,30,,,2026-02-15T17:58:04.550385
SquareAttack,10,ILSVRC2012_val_00000295.JPEG,33,103,True,113,,,2026-02-15T17:58:06.737024
SquareAttack,10,ILSVRC2012_val_00000793.JPEG,34,2,True,33,,,2026-02-15T17:58:06.846644
SquareAttack,10,ILSVRC2012_val_00001869.JPEG,36,309,True,35,200,35,2026-02-15T17:58:12.310092
SquareAttack,10,ILSVRC2012_val_00000395.JPEG,37,773,True,35,125,35,2026-02-15T17:58:24.695725
SquareAttack,10,ILSVRC2012_val_00000625.JPEG,38,1,True,43,,,2026-02-15T17:58:24.734864
SimBA,3,ILSVRC2012_val_00000153.JPEG,15,15000,False,15,4,912,2026-02-15T17:59:50.042651
SquareAttack,10,ILSVRC2012_val_00004042.JPEG,39,6942,True,43,87,43,2026-02-15T18:00:12.400783
SimBA,3,ILSVRC2012_val_00000188.JPEG,16,1081,True,17,4,17,2026-02-15T18:00:21.085558
SquareAttack,10,ILSVRC2012_val_00000107.JPEG,40,549,True,38,,,2026-02-15T18:00:21.712359
SquareAttack,10,ILSVRC2012_val_00000731.JPEG,41,254,True,44,177,44,2026-02-15T18:00:26.272056
SquareAttack,10,ILSVRC2012_val_00001628.JPEG,42,833,True,854,459,854,2026-02-15T18:00:39.613303
SimBA,3,ILSVRC2012_val_00001044.JPEG,18,698,True,10,4,10,2026-02-15T18:00:40.193207
SquareAttack,10,ILSVRC2012_val_00000556.JPEG,43,5111,True,42,57,42,2026-02-15T18:01:57.913251
SquareAttack,10,ILSVRC2012_val_00000270.JPEG,44,79,True,38,,,2026-02-15T18:01:59.700769
SquareAttack,10,ILSVRC2012_val_00002575.JPEG,45,920,True,854,390,854,2026-02-15T18:02:14.615205
SquareAttack,10,ILSVRC2012_val_00000053.JPEG,40,1,True,46,,,2026-02-15T18:02:14.659091
SquareAttack,10,ILSVRC2012_val_00001455.JPEG,47,4211,True,894,134,894,2026-02-15T18:03:20.617692
SquareAttack,10,ILSVRC2012_val_00000406.JPEG,48,414,True,39,48,39,2026-02-15T18:03:27.495839
SquareAttack,10,ILSVRC2012_val_00000846.JPEG,49,344,True,337,,,2026-02-15T18:03:33.299042
SquareAttack,10,ILSVRC2012_val_00000187.JPEG,328,1,True,794,,,2026-02-15T18:03:33.346487
SquareAttack,10,ILSVRC2012_val_00000461.JPEG,51,19,True,643,,,2026-02-15T18:03:33.854949
SquareAttack,10,ILSVRC2012_val_00000751.JPEG,52,419,True,390,348,390,2026-02-15T18:03:41.068365
SquareAttack,10,ILSVRC2012_val_00002134.JPEG,53,1,True,60,,,2026-02-15T18:03:41.115680
SquareAttack,10,ILSVRC2012_val_00000781.JPEG,60,1,True,67,,,2026-02-15T18:03:41.179402
SquareAttack,10,ILSVRC2012_val_00000132.JPEG,64,118,True,59,,,2026-02-15T18:03:43.594375
SquareAttack,10,ILSVRC2012_val_00000208.JPEG,56,3339,True,53,114,53,2026-02-15T18:04:35.239862
SquareAttack,10,ILSVRC2012_val_00001038.JPEG,57,1638,True,52,275,52,2026-02-15T18:05:01.328921
SquareAttack,10,ILSVRC2012_val_00002124.JPEG,63,12,True,58,,,2026-02-15T18:05:01.687872
SquareAttack,10,ILSVRC2012_val_00001111.JPEG,46,18,True,94,,,2026-02-15T18:05:02.195793
SquareAttack,10,ILSVRC2012_val_00000054.JPEG,60,1,True,56,,,2026-02-15T18:05:02.239141
SquareAttack,10,ILSVRC2012_val_00000296.JPEG,61,582,True,62,128,62,2026-02-15T18:05:12.186904
SquareAttack,10,ILSVRC2012_val_00000120.JPEG,62,949,True,61,133,61,2026-02-15T18:05:27.659593
SquareAttack,10,ILSVRC2012_val_00000150.JPEG,63,807,True,68,549,68,2026-02-15T18:05:41.137307
SquareAttack,10,ILSVRC2012_val_00000560.JPEG,378,33,True,59,,,2026-02-15T18:05:41.993266
SquareAttack,10,ILSVRC2012_val_00005869.JPEG,119,1,True,125,,,2026-02-15T18:05:42.047076
SquareAttack,10,ILSVRC2012_val_00000278.JPEG,66,2304,True,68,185,68,2026-02-15T18:06:18.200158
SquareAttack,10,ILSVRC2012_val_00001964.JPEG,68,1,True,67,,,2026-02-15T18:06:18.233588
SquareAttack,10,ILSVRC2012_val_00000194.JPEG,68,1,True,66,,,2026-02-15T18:06:18.297521
SquareAttack,10,ILSVRC2012_val_00001321.JPEG,69,1,True,972,,,2026-02-15T18:06:18.344603
SquareAttack,10,ILSVRC2012_val_00000046.JPEG,70,3331,True,73,312,73,2026-02-15T18:07:10.736942
SimBA,3,ILSVRC2012_val_00000005.JPEG,19,15000,False,19,8,654,2026-02-15T18:07:44.318952
SquareAttack,10,ILSVRC2012_val_00000237.JPEG,71,11991,True,99,185,99,2026-02-15T18:10:16.436734
SquareAttack,10,ILSVRC2012_val_00000228.JPEG,72,4268,True,74,83,74,2026-02-15T18:11:21.470004
SquareAttack,10,ILSVRC2012_val_00000677.JPEG,73,138,True,591,,,2026-02-15T18:11:24.202348
SquareAttack,10,ILSVRC2012_val_00000552.JPEG,72,6723,True,74,516,74,2026-02-15T18:13:07.273350
SquareAttack,10,ILSVRC2012_val_00000603.JPEG,75,3807,True,73,140,73,2026-02-15T18:14:05.853197
SquareAttack,10,ILSVRC2012_val_00000522.JPEG,76,1557,True,73,181,73,2026-02-15T18:14:30.193928
SquareAttack,10,ILSVRC2012_val_00001131.JPEG,75,1,True,73,,,2026-02-15T18:14:30.241238
SimBA,3,ILSVRC2012_val_00001912.JPEG,20,15000,False,20,5,13,2026-02-15T18:14:43.479667
SquareAttack,10,ILSVRC2012_val_00001350.JPEG,78,4544,True,73,105,73,2026-02-15T18:15:40.644925
SquareAttack,10,ILSVRC2012_val_00003857.JPEG,630,1,True,594,,,2026-02-15T18:15:40.696530
SquareAttack,10,ILSVRC2012_val_00000807.JPEG,80,1044,True,998,133,998,2026-02-15T18:15:57.299206
SquareAttack,10,ILSVRC2012_val_00001888.JPEG,82,545,True,81,329,81,2026-02-15T18:16:06.908036
SquareAttack,10,ILSVRC2012_val_00000102.JPEG,83,1184,True,80,230,80,2026-02-15T18:16:26.113512
SquareAttack,10,ILSVRC2012_val_00000881.JPEG,84,1209,True,580,94,580,2026-02-15T18:16:45.543760
SquareAttack,10,ILSVRC2012_val_00001419.JPEG,85,4243,True,86,566,86,2026-02-15T18:17:50.892482
SquareAttack,10,ILSVRC2012_val_00000024.JPEG,87,1653,True,614,779,614,2026-02-15T18:18:17.169201
SimBA,3,ILSVRC2012_val_00001861.JPEG,21,8073,True,22,4,22,2026-02-15T18:18:35.703594
SimBA,3,ILSVRC2012_val_00002085.JPEG,22,358,True,23,5,23,2026-02-15T18:18:45.838299
SquareAttack,10,ILSVRC2012_val_00000265.JPEG,88,15000,False,88,959,662,2026-02-15T18:22:09.661763
SimBA,3,ILSVRC2012_val_00001478.JPEG,23,8818,True,21,4,21,2026-02-15T18:22:56.563954
SquareAttack,10,ILSVRC2012_val_00000011.JPEG,89,4398,True,132,340,132,2026-02-15T18:23:16.037588
SquareAttack,10,ILSVRC2012_val_00001245.JPEG,90,3302,True,854,101,854,2026-02-15T18:24:07.536025
SquareAttack,10,ILSVRC2012_val_00000001.JPEG,91,1520,True,916,128,916,2026-02-15T18:24:31.584613
SquareAttack,10,ILSVRC2012_val_00003751.JPEG,92,6309,True,854,463,854,2026-02-15T18:26:08.358414
SquareAttack,10,ILSVRC2012_val_00001186.JPEG,93,1706,True,17,743,17,2026-02-15T18:26:35.041376
SimBA,3,ILSVRC2012_val_00000880.JPEG,24,9354,True,82,7,82,2026-02-15T18:27:13.603105
SquareAttack,10,ILSVRC2012_val_00001390.JPEG,95,6285,True,92,373,92,2026-02-15T18:28:13.639004
SquareAttack,10,ILSVRC2012_val_00000204.JPEG,96,7967,True,973,733,973,2026-02-15T18:30:17.978751
SquareAttack,10,ILSVRC2012_val_00001305.JPEG,97,1979,True,98,309,98,2026-02-15T18:30:48.618659
SimBA,3,ILSVRC2012_val_00001002.JPEG,25,9317,True,26,4,26,2026-02-15T18:31:25.122039
SquareAttack,10,ILSVRC2012_val_00000119.JPEG,98,2794,True,147,1768,147,2026-02-15T18:31:33.085813
SquareAttack,10,ILSVRC2012_val_00001045.JPEG,99,120,True,134,,,2026-02-15T18:31:35.668597
SimBA,3,ILSVRC2012_val_00001108.JPEG,26,1708,True,29,4,29,2026-02-15T18:32:00.186156
SimBA,3,ILSVRC2012_val_00000561.JPEG,119,65,True,32,5,32,2026-02-15T18:32:01.778497
SimBA,3,ILSVRC2012_val_00000321.JPEG,29,5143,True,916,8,916,2026-02-15T18:33:40.519355
SimBA,3,ILSVRC2012_val_00000588.JPEG,30,3719,True,32,5,32,2026-02-15T18:34:51.219479
SimBA,3,ILSVRC2012_val_00002403.JPEG,32,2693,True,30,4,30,2026-02-15T18:35:42.090499
SimBA,3,ILSVRC2012_val_00000295.JPEG,33,6314,True,34,6,34,2026-02-15T18:37:44.412877
SimBA,3,ILSVRC2012_val_00000793.JPEG,34,404,True,33,4,33,2026-02-15T18:37:53.150354
SimBA,3,ILSVRC2012_val_00001869.JPEG,36,1521,True,35,6,35,2026-02-15T18:38:23.323467
SimBA,3,ILSVRC2012_val_00000395.JPEG,37,3885,True,35,4,35,2026-02-15T18:39:37.242230
SimBA,3,ILSVRC2012_val_00000625.JPEG,38,499,True,43,5,43,2026-02-15T18:39:46.771810
SimBA,3,ILSVRC2012_val_00004042.JPEG,39,12495,True,41,4,41,2026-02-15T18:43:37.223078
SimBA,3,ILSVRC2012_val_00000107.JPEG,40,4611,True,46,6,46,2026-02-15T18:45:04.179908
SimBA,3,ILSVRC2012_val_00000731.JPEG,41,4776,True,44,4,44,2026-02-15T18:46:35.075649
SimBA,3,ILSVRC2012_val_00001628.JPEG,42,6617,True,38,5,38,2026-02-15T18:48:39.606306
SimBA,3,ILSVRC2012_val_00000556.JPEG,43,11188,True,42,5,42,2026-02-15T18:52:13.978023
SimBA,3,ILSVRC2012_val_00000270.JPEG,44,611,True,40,9,40,2026-02-15T18:52:26.457220
SimBA,3,ILSVRC2012_val_00002575.JPEG,45,11427,True,38,7,38,2026-02-15T18:56:06.307305
SimBA,3,ILSVRC2012_val_00000053.JPEG,40,664,True,46,8,46,2026-02-15T18:56:19.561441
SimBA,3,ILSVRC2012_val_00001455.JPEG,47,10892,True,38,5,38,2026-02-15T18:59:48.698900
SimBA,3,ILSVRC2012_val_00000406.JPEG,48,3252,True,39,4,39,2026-02-15T19:00:50.848941
SimBA,3,ILSVRC2012_val_00000846.JPEG,49,2645,True,386,4,386,2026-02-15T19:01:41.327804
SimBA,3,ILSVRC2012_val_00000187.JPEG,328,9,True,363,4,363,2026-02-15T19:01:41.651308
SimBA,3,ILSVRC2012_val_00000461.JPEG,51,1557,True,988,4,988,2026-02-15T19:02:11.712511
SimBA,3,ILSVRC2012_val_00000751.JPEG,52,2338,True,390,4,390,2026-02-15T19:02:56.174657
SimBA,3,ILSVRC2012_val_00002134.JPEG,53,3905,True,52,5,52,2026-02-15T19:04:09.393038
SimBA,3,ILSVRC2012_val_00000781.JPEG,60,702,True,54,4,54,2026-02-15T19:04:22.846519
SimBA,3,ILSVRC2012_val_00000132.JPEG,64,876,True,55,5,55,2026-02-15T19:04:39.268832
SquareAttack,12,ILSVRC2012_val_00000309.JPEG,0,798,True,391,,,2026-02-15T19:08:08.330524
SquareAttack,12,ILSVRC2012_val_00000826.JPEG,301,1,True,1,,,2026-02-15T19:08:08.397199
SquareAttack,12,ILSVRC2012_val_00000294.JPEG,4,1,True,3,,,2026-02-15T19:08:08.451341
SquareAttack,12,ILSVRC2012_val_00000823.JPEG,147,1,True,149,,,2026-02-15T19:08:08.492107
SquareAttack,12,ILSVRC2012_val_00000324.JPEG,4,95,True,3,,,2026-02-15T19:08:10.533718
SquareAttack,12,ILSVRC2012_val_00002923.JPEG,6,1,True,854,,,2026-02-15T19:08:10.580462
SquareAttack,12,ILSVRC2012_val_00001322.JPEG,6,493,True,5,139,5,2026-02-15T19:08:18.942969
SimBA,3,ILSVRC2012_val_00000208.JPEG,56,11252,True,53,4,53,2026-02-15T19:08:20.962056
SquareAttack,12,ILSVRC2012_val_00003561.JPEG,7,1545,True,8,75,8,2026-02-15T19:08:43.078740
SquareAttack,12,ILSVRC2012_val_00001614.JPEG,8,1015,True,7,135,7,2026-02-15T19:08:59.928611
SquareAttack,12,ILSVRC2012_val_00000378.JPEG,9,11833,True,138,159,138,2026-02-15T19:12:06.009556
SquareAttack,12,ILSVRC2012_val_00001493.JPEG,10,261,True,11,,,2026-02-15T19:12:10.684358
SquareAttack,12,ILSVRC2012_val_00001195.JPEG,11,178,True,90,,,2026-02-15T19:12:13.904968
SimBA,3,ILSVRC2012_val_00001038.JPEG,57,9034,True,52,4,52,2026-02-15T19:12:30.141685
SimBA,3,ILSVRC2012_val_00002124.JPEG,63,1224,True,56,4,56,2026-02-15T19:13:02.769339
SquareAttack,12,ILSVRC2012_val_00003287.JPEG,12,4296,True,854,449,854,2026-02-15T19:13:20.048995
SquareAttack,12,ILSVRC2012_val_00000062.JPEG,13,317,True,995,,,2026-02-15T19:13:25.629595
SimBA,3,ILSVRC2012_val_00001111.JPEG,46,2920,True,40,4,40,2026-02-15T19:14:22.008165
SimBA,3,ILSVRC2012_val_00000054.JPEG,60,342,True,56,4,56,2026-02-15T19:14:31.432543
SimBA,3,ILSVRC2012_val_00000296.JPEG,61,4285,True,62,4,62,2026-02-15T19:16:22.078380
SquareAttack,12,ILSVRC2012_val_00002095.JPEG,14,15000,False,14,1076,84,2026-02-15T19:17:20.260004
SimBA,3,ILSVRC2012_val_00000120.JPEG,62,7872,True,61,6,61,2026-02-15T19:19:33.255644
SquareAttack,12,ILSVRC2012_val_00000153.JPEG,15,11900,True,912,397,912,2026-02-15T19:20:26.221800
SquareAttack,12,ILSVRC2012_val_00000188.JPEG,16,1,True,17,,,2026-02-15T19:20:26.269364
SimBA,3,ILSVRC2012_val_00000150.JPEG,63,3778,True,68,5,68,2026-02-15T19:21:07.331485
SimBA,3,ILSVRC2012_val_00000560.JPEG,378,259,True,59,4,59,2026-02-15T19:21:14.067847
SimBA,3,ILSVRC2012_val_00005869.JPEG,119,91,True,125,4,125,2026-02-15T19:21:16.799562
SquareAttack,12,ILSVRC2012_val_00001874.JPEG,17,3730,True,16,835,16,2026-02-15T19:21:25.356169
SquareAttack,12,ILSVRC2012_val_00001044.JPEG,18,1,True,133,,,2026-02-15T19:21:25.399384
SquareAttack,12,ILSVRC2012_val_00000005.JPEG,19,6547,True,654,365,654,2026-02-15T19:23:07.529171
SimBA,3,ILSVRC2012_val_00000278.JPEG,66,10213,True,68,5,68,2026-02-15T19:25:34.487053
SimBA,3,ILSVRC2012_val_00001964.JPEG,68,639,True,67,4,67,2026-02-15T19:25:50.357043
SimBA,3,ILSVRC2012_val_00000194.JPEG,68,920,True,66,5,66,2026-02-15T19:26:13.142265
SquareAttack,12,ILSVRC2012_val_00001912.JPEG,20,15000,False,20,726,13,2026-02-15T19:27:05.120067
SimBA,3,ILSVRC2012_val_00001321.JPEG,69,2343,True,66,5,66,2026-02-15T19:27:10.891004
SquareAttack,12,ILSVRC2012_val_00001861.JPEG,21,1783,True,749,1021,749,2026-02-15T19:27:34.453652
SquareAttack,12,ILSVRC2012_val_00002085.JPEG,22,1,True,23,,,2026-02-15T19:27:34.508653
SquareAttack,12,ILSVRC2012_val_00001478.JPEG,23,808,True,21,362,21,2026-02-15T19:27:47.909976
SquareAttack,12,ILSVRC2012_val_00000880.JPEG,24,9289,True,494,1016,494,2026-02-15T19:30:10.344069
SimBA,3,ILSVRC2012_val_00000046.JPEG,70,8402,True,73,6,73,2026-02-15T19:30:40.289061
SquareAttack,12,ILSVRC2012_val_00001002.JPEG,25,3100,True,26,164,26,2026-02-15T19:30:58.451829
SquareAttack,12,ILSVRC2012_val_00001108.JPEG,26,61,True,29,,,2026-02-15T19:30:59.949523
SquareAttack,12,ILSVRC2012_val_00000561.JPEG,119,1,True,73,,,2026-02-15T19:30:59.996898
SquareAttack,12,ILSVRC2012_val_00002956.JPEG,28,1820,True,26,336,26,2026-02-15T19:31:28.633597
SquareAttack,12,ILSVRC2012_val_00000321.JPEG,29,1713,True,916,217,916,2026-02-15T19:31:55.421757
SquareAttack,12,ILSVRC2012_val_00000588.JPEG,30,850,True,32,103,32,2026-02-15T19:32:08.872242
SquareAttack,12,ILSVRC2012_val_00000484.JPEG,31,24,True,32,,,2026-02-15T19:32:09.615213
SquareAttack,12,ILSVRC2012_val_00002403.JPEG,32,81,True,30,,,2026-02-15T19:32:11.443192
SquareAttack,12,ILSVRC2012_val_00000295.JPEG,33,103,True,113,,,2026-02-15T19:32:13.539937
SquareAttack,12,ILSVRC2012_val_00000793.JPEG,34,2,True,33,,,2026-02-15T19:32:13.657719
SquareAttack,12,ILSVRC2012_val_00000836.JPEG,37,312,True,35,270,35,2026-02-15T19:32:19.073351
SquareAttack,12,ILSVRC2012_val_00001869.JPEG,36,234,True,35,234,35,2026-02-15T19:32:23.253579
SquareAttack,12,ILSVRC2012_val_00000395.JPEG,37,891,True,35,291,35,2026-02-15T19:32:37.597266
SquareAttack,12,ILSVRC2012_val_00000625.JPEG,38,1,True,43,,,2026-02-15T19:32:37.644697
SquareAttack,12,ILSVRC2012_val_00004042.JPEG,39,6802,True,41,773,41,2026-02-15T19:34:21.607111
SquareAttack,12,ILSVRC2012_val_00000107.JPEG,40,549,True,38,,,2026-02-15T19:34:30.695562
SquareAttack,12,ILSVRC2012_val_00000731.JPEG,41,204,True,44,194,44,2026-02-15T19:34:34.434868
SquareAttack,12,ILSVRC2012_val_00001628.JPEG,42,795,True,854,533,854,2026-02-15T19:34:47.037225
SquareAttack,12,ILSVRC2012_val_00000556.JPEG,43,3995,True,42,141,42,2026-02-15T19:35:48.651994
SquareAttack,12,ILSVRC2012_val_00000270.JPEG,44,79,True,38,,,2026-02-15T19:35:50.480863
SquareAttack,12,ILSVRC2012_val_00002575.JPEG,45,2400,True,854,425,854,2026-02-15T19:36:27.505655
SquareAttack,12,ILSVRC2012_val_00000053.JPEG,40,1,True,46,,,2026-02-15T19:36:27.553543
SimBA,3,ILSVRC2012_val_00000237.JPEG,71,15000,False,71,4,99,2026-02-15T19:36:50.229212
SquareAttack,12,ILSVRC2012_val_00001455.JPEG,47,3223,True,894,161,894,2026-02-15T19:37:17.467412
SquareAttack,12,ILSVRC2012_val_00000406.JPEG,48,505,True,39,52,39,2026-02-15T19:37:25.855680
SquareAttack,12,ILSVRC2012_val_00000846.JPEG,49,344,True,337,,,2026-02-15T19:37:32.454946
SquareAttack,12,ILSVRC2012_val_00000187.JPEG,328,1,True,794,,,2026-02-15T19:37:32.498424
SquareAttack,12,ILSVRC2012_val_00000461.JPEG,51,19,True,643,,,2026-02-15T19:37:33.040464
SquareAttack,12,ILSVRC2012_val_00000751.JPEG,52,496,True,390,361,390,2026-02-15T19:37:41.542872
SquareAttack,12,ILSVRC2012_val_00002134.JPEG,53,1,True,60,,,2026-02-15T19:37:41.595688
SquareAttack,12,ILSVRC2012_val_00000781.JPEG,60,1,True,67,,,2026-02-15T19:37:41.642841
SquareAttack,12,ILSVRC2012_val_00000132.JPEG,64,118,True,59,,,2026-02-15T19:37:44.177603
SquareAttack,12,ILSVRC2012_val_00000208.JPEG,56,3227,True,53,155,53,2026-02-15T19:38:34.240862
SquareAttack,12,ILSVRC2012_val_00001038.JPEG,57,1685,True,52,326,52,2026-02-15T19:39:00.505944
SquareAttack,12,ILSVRC2012_val_00002124.JPEG,63,12,True,58,,,2026-02-15T19:39:00.865742
SquareAttack,12,ILSVRC2012_val_00001111.JPEG,46,18,True,94,,,2026-02-15T19:39:01.353555
SquareAttack,12,ILSVRC2012_val_00000054.JPEG,60,1,True,56,,,2026-02-15T19:39:01.401350
SquareAttack,12,ILSVRC2012_val_00000296.JPEG,61,633,True,62,224,62,2026-02-15T19:39:11.820354
SquareAttack,12,ILSVRC2012_val_00000120.JPEG,62,663,True,61,195,61,2026-02-15T19:39:22.677080
SquareAttack,12,ILSVRC2012_val_00000150.JPEG,63,644,True,68,,,2026-02-15T19:39:33.552946
SquareAttack,12,ILSVRC2012_val_00000560.JPEG,378,33,True,59,,,2026-02-15T19:39:34.455437
SquareAttack,12,ILSVRC2012_val_00005869.JPEG,119,1,True,125,,,2026-02-15T19:39:34.507726
SquareAttack,12,ILSVRC2012_val_00000278.JPEG,66,2764,True,68,239,68,2026-02-15T19:40:16.931728
SquareAttack,12,ILSVRC2012_val_00001964.JPEG,68,1,True,67,,,2026-02-15T19:40:16.979215
SquareAttack,12,ILSVRC2012_val_00000194.JPEG,68,1,True,66,,,2026-02-15T19:40:17.050660
SquareAttack,12,ILSVRC2012_val_00001321.JPEG,69,1,True,972,,,2026-02-15T19:40:17.101728
SquareAttack,12,ILSVRC2012_val_00000046.JPEG,70,3092,True,73,320,73,2026-02-15T19:41:04.916269
SimBA,3,ILSVRC2012_val_00000228.JPEG,72,11789,True,74,4,74,2026-02-15T19:41:50.988441
SimBA,3,ILSVRC2012_val_00000677.JPEG,73,3399,True,74,6,74,2026-02-15T19:43:16.824700
SquareAttack,12,ILSVRC2012_val_00000237.JPEG,71,13118,True,99,196,99,2026-02-15T19:44:24.992421
SquareAttack,12,ILSVRC2012_val_00000228.JPEG,72,4259,True,74,102,74,2026-02-15T19:45:29.610251
SquareAttack,12,ILSVRC2012_val_00000677.JPEG,73,138,True,591,,,2026-02-15T19:45:32.368682
SquareAttack,12,ILSVRC2012_val_00000552.JPEG,72,6519,True,74,529,74,2026-02-15T19:47:11.444504
SquareAttack,12,ILSVRC2012_val_00000603.JPEG,75,3351,True,73,298,73,2026-02-15T19:48:03.054572
SquareAttack,12,ILSVRC2012_val_00000522.JPEG,76,1655,True,73,234,73,2026-02-15T19:48:28.785328
SquareAttack,12,ILSVRC2012_val_00001131.JPEG,75,1,True,73,,,2026-02-15T19:48:28.832106
SquareAttack,12,ILSVRC2012_val_00001350.JPEG,78,3656,True,73,337,73,2026-02-15T19:49:25.323770
SquareAttack,12,ILSVRC2012_val_00003857.JPEG,630,1,True,594,,,2026-02-15T19:49:25.367046
SimBA,3,ILSVRC2012_val_00000552.JPEG,72,15000,False,72,6,74,2026-02-15T19:49:34.741139
SquareAttack,12,ILSVRC2012_val_00000807.JPEG,80,1399,True,998,149,998,2026-02-15T19:49:47.217474
SquareAttack,12,ILSVRC2012_val_00000440.JPEG,81,308,True,86,,,2026-02-15T19:49:52.601560
SquareAttack,12,ILSVRC2012_val_00001888.JPEG,82,545,True,81,377,81,2026-02-15T19:50:01.439768
SquareAttack,12,ILSVRC2012_val_00000102.JPEG,83,1061,True,80,334,80,2026-02-15T19:50:18.438899
SquareAttack,12,ILSVRC2012_val_00000881.JPEG,84,947,True,580,128,580,2026-02-15T19:50:33.757991
SquareAttack,12,ILSVRC2012_val_00001419.JPEG,85,4208,True,86,649,86,2026-02-15T19:51:39.036412
SquareAttack,12,ILSVRC2012_val_00000175.JPEG,83,1,True,86,,,2026-02-15T19:51:39.084491
SquareAttack,12,ILSVRC2012_val_00000024.JPEG,87,2133,True,614,791,614,2026-02-15T19:52:12.806016
SimBA,3,ILSVRC2012_val_00000603.JPEG,75,12909,True,73,4,73,2026-02-15T19:55:12.054503
SquareAttack,12,ILSVRC2012_val_00000265.JPEG,88,15000,False,88,1532,782,2026-02-15T19:56:03.534351
SquareAttack,12,ILSVRC2012_val_00000011.JPEG,89,5322,True,132,500,132,2026-02-15T19:57:25.613516
SimBA,3,ILSVRC2012_val_00000522.JPEG,76,7111,True,73,4,73,2026-02-15T19:58:14.110362
SimBA,3,ILSVRC2012_val_00001131.JPEG,75,22,True,77,5,77,2026-02-15T19:58:15.128149
SquareAttack,12,ILSVRC2012_val_00001245.JPEG,90,3104,True,854,133,854,2026-02-15T19:58:15.982820
SquareAttack,12,ILSVRC2012_val_00000001.JPEG,91,979,True,916,158,916,2026-02-15T19:58:33.016002
SquareAttack,12,ILSVRC2012_val_00003751.JPEG,92,10499,True,854,784,854,2026-02-15T20:01:35.806574
SquareAttack,12,ILSVRC2012_val_00001186.JPEG,93,1804,True,17,779,17,2026-02-15T20:02:09.449000
SquareAttack,12,ILSVRC2012_val_00000528.JPEG,94,1115,True,894,906,894,2026-02-15T20:02:28.098160
SimBA,3,ILSVRC2012_val_00001350.JPEG,78,9783,True,73,4,73,2026-02-15T20:03:10.237613
SquareAttack,12,ILSVRC2012_val_00001390.JPEG,95,4724,True,92,387,92,2026-02-15T20:03:46.426291
SimBA,3,ILSVRC2012_val_00003857.JPEG,630,1885,True,429,4,429,2026-02-15T20:04:01.626648
SquareAttack,12,ILSVRC2012_val_00000204.JPEG,96,7278,True,973,781,973,2026-02-15T20:05:39.783195
SquareAttack,12,ILSVRC2012_val_00001305.JPEG,97,2379,True,98,317,98,2026-02-15T20:06:18.929042
SquareAttack,12,ILSVRC2012_val_00000119.JPEG,98,2441,True,147,1878,147,2026-02-15T20:07:01.395036
SquareAttack,12,ILSVRC2012_val_00001045.JPEG,99,120,True,134,,,2026-02-15T20:07:05.169091
SquareAttack,15,ILSVRC2012_val_00000309.JPEG,0,798,True,391,,,2026-02-15T20:07:21.923869
SquareAttack,15,ILSVRC2012_val_00000826.JPEG,301,1,True,1,,,2026-02-15T20:07:22.005668
SquareAttack,15,ILSVRC2012_val_00000294.JPEG,4,1,True,3,,,2026-02-15T20:07:22.060546
SquareAttack,15,ILSVRC2012_val_00000823.JPEG,147,1,True,149,,,2026-02-15T20:07:22.118153
SquareAttack,15,ILSVRC2012_val_00000324.JPEG,4,95,True,3,,,2026-02-15T20:07:24.557790
SquareAttack,15,ILSVRC2012_val_00002923.JPEG,6,1,True,854,,,2026-02-15T20:07:24.620669
SquareAttack,15,ILSVRC2012_val_00001322.JPEG,6,773,True,5,294,5,2026-02-15T20:07:38.860159
SquareAttack,15,ILSVRC2012_val_00003561.JPEG,7,1619,True,8,141,8,2026-02-15T20:08:05.376347
SquareAttack,15,ILSVRC2012_val_00001614.JPEG,8,1435,True,7,164,7,2026-02-15T20:08:29.479656
SimBA,3,ILSVRC2012_val_00000807.JPEG,80,15000,False,80,4,83,2026-02-15T20:11:29.428381
SquareAttack,15,ILSVRC2012_val_00000378.JPEG,9,12269,True,138,217,138,2026-02-15T20:11:50.039951
SquareAttack,15,ILSVRC2012_val_00001493.JPEG,10,261,True,11,,,2026-02-15T20:11:54.921876
SquareAttack,15,ILSVRC2012_val_00001195.JPEG,11,178,True,90,,,2026-02-15T20:11:58.354542
SimBA,3,ILSVRC2012_val_00001888.JPEG,82,1997,True,81,8,81,2026-02-15T20:12:27.892918
SquareAttack,15,ILSVRC2012_val_00003287.JPEG,12,1904,True,854,609,854,2026-02-15T20:12:31.386039
SquareAttack,15,ILSVRC2012_val_00000062.JPEG,13,317,True,995,,,2026-02-15T20:12:37.108806
SquareAttack,15,ILSVRC2012_val_00002095.JPEG,14,15000,False,14,1109,84,2026-02-15T20:16:57.770643
SimBA,3,ILSVRC2012_val_00000102.JPEG,83,8989,True,80,4,80,2026-02-15T20:17:02.205915
SquareAttack,15,ILSVRC2012_val_00000153.JPEG,15,10662,True,912,449,912,2026-02-15T20:19:53.292331
SquareAttack,15,ILSVRC2012_val_00000188.JPEG,16,1,True,17,,,2026-02-15T20:19:53.337760
SquareAttack,15,ILSVRC2012_val_00001874.JPEG,17,3222,True,16,882,16,2026-02-15T20:20:46.421767
SquareAttack,15,ILSVRC2012_val_00001044.JPEG,18,1,True,133,,,2026-02-15T20:20:46.472819
SimBA,3,ILSVRC2012_val_00000881.JPEG,84,9309,True,580,4,580,2026-02-15T20:21:31.703055
SquareAttack,15,ILSVRC2012_val_00000005.JPEG,19,7371,True,654,423,654,2026-02-15T20:22:47.244011
SquareAttack,15,ILSVRC2012_val_00001912.JPEG,20,15000,False,20,760,13,2026-02-15T20:27:12.149158
SquareAttack,15,ILSVRC2012_val_00001861.JPEG,21,1524,True,749,1101,749,2026-02-15T20:27:39.127778
SquareAttack,15,ILSVRC2012_val_00002085.JPEG,22,1,True,23,,,2026-02-15T20:27:39.179184
SquareAttack,15,ILSVRC2012_val_00001478.JPEG,23,807,True,21,496,21,2026-02-15T20:27:53.638850
SimBA,3,ILSVRC2012_val_00001419.JPEG,85,14964,True,86,4,86,2026-02-15T20:29:27.808970
SquareAttack,15,ILSVRC2012_val_00000880.JPEG,24,11492,True,494,1115,494,2026-02-15T20:31:05.824828
SquareAttack,15,ILSVRC2012_val_00001002.JPEG,25,3121,True,26,265,26,2026-02-15T20:32:02.723208
SquareAttack,15,ILSVRC2012_val_00001108.JPEG,26,61,True,29,,,2026-02-15T20:32:04.380123
SquareAttack,15,ILSVRC2012_val_00000561.JPEG,119,1,True,73,,,2026-02-15T20:32:04.433887
SquareAttack,15,ILSVRC2012_val_00002956.JPEG,28,3521,True,26,380,26,2026-02-15T20:33:13.392801
SquareAttack,15,ILSVRC2012_val_00000321.JPEG,29,1566,True,916,329,916,2026-02-15T20:33:44.169333
SquareAttack,15,ILSVRC2012_val_00000588.JPEG,30,771,True,32,179,32,2026-02-15T20:33:59.392621
SquareAttack,15,ILSVRC2012_val_00000484.JPEG,31,24,True,32,,,2026-02-15T20:34:00.257543
SquareAttack,15,ILSVRC2012_val_00002403.JPEG,32,81,True,30,,,2026-02-15T20:34:02.530659
SquareAttack,15,ILSVRC2012_val_00000295.JPEG,33,103,True,113,,,2026-02-15T20:34:05.150883
SquareAttack,15,ILSVRC2012_val_00000793.JPEG,34,2,True,33,,,2026-02-15T20:34:05.274851
SquareAttack,15,ILSVRC2012_val_00000836.JPEG,37,312,True,35,312,35,2026-02-15T20:34:12.013929
SquareAttack,15,ILSVRC2012_val_00001869.JPEG,36,234,True,35,,,2026-02-15T20:34:17.270964
SquareAttack,15,ILSVRC2012_val_00000395.JPEG,37,878,True,35,377,35,2026-02-15T20:34:34.027461
SquareAttack,15,ILSVRC2012_val_00000625.JPEG,38,1,True,43,,,2026-02-15T20:34:34.087803
SquareAttack,15,ILSVRC2012_val_00004042.JPEG,39,7398,True,41,796,41,2026-02-15T20:36:43.913641
SquareAttack,15,ILSVRC2012_val_00000107.JPEG,40,549,True,38,,,2026-02-15T20:36:53.557044
SquareAttack,15,ILSVRC2012_val_00000731.JPEG,41,204,True,44,,,2026-02-15T20:36:57.589341
SquareAttack,15,ILSVRC2012_val_00001628.JPEG,42,1240,True,854,772,854,2026-02-15T20:37:18.067035
SimBA,3,ILSVRC2012_val_00000024.JPEG,87,15000,False,87,4,89,2026-02-15T20:37:31.211631
SquareAttack,15,ILSVRC2012_val_00000556.JPEG,43,4361,True,42,309,42,2026-02-15T20:38:27.557972
SquareAttack,15,ILSVRC2012_val_00000270.JPEG,44,79,True,38,,,2026-02-15T20:38:29.471365
SquareAttack,15,ILSVRC2012_val_00002575.JPEG,45,1665,True,854,499,854,2026-02-15T20:38:58.112468
SquareAttack,15,ILSVRC2012_val_00000053.JPEG,40,1,True,46,,,2026-02-15T20:38:58.172657
SquareAttack,15,ILSVRC2012_val_00001455.JPEG,47,4138,True,894,168,894,2026-02-15T20:40:08.181695
SquareAttack,15,ILSVRC2012_val_00000406.JPEG,48,365,True,39,79,39,2026-02-15T20:40:15.032960
SquareAttack,15,ILSVRC2012_val_00000846.JPEG,49,344,True,337,,,2026-02-15T20:40:21.260397
SquareAttack,15,ILSVRC2012_val_00000187.JPEG,328,1,True,794,,,2026-02-15T20:40:21.325984
SquareAttack,15,ILSVRC2012_val_00000461.JPEG,51,19,True,643,,,2026-02-15T20:40:21.894150
SquareAttack,15,ILSVRC2012_val_00000751.JPEG,52,380,True,390,,,2026-02-15T20:40:29.188680
SquareAttack,15,ILSVRC2012_val_00002134.JPEG,53,1,True,60,,,2026-02-15T20:40:29.242692
SquareAttack,15,ILSVRC2012_val_00000781.JPEG,60,1,True,67,,,2026-02-15T20:40:29.295020
SquareAttack,15,ILSVRC2012_val_00000132.JPEG,64,118,True,59,,,2026-02-15T20:40:31.975507
SquareAttack,15,ILSVRC2012_val_00000208.JPEG,56,3697,True,53,309,53,2026-02-15T20:41:32.576472
SquareAttack,15,ILSVRC2012_val_00001038.JPEG,57,1810,True,52,334,52,2026-02-15T20:42:02.844424
SquareAttack,15,ILSVRC2012_val_00002124.JPEG,63,12,True,58,,,2026-02-15T20:42:03.230873
SquareAttack,15,ILSVRC2012_val_00001111.JPEG,46,18,True,94,,,2026-02-15T20:42:03.739390
SquareAttack,15,ILSVRC2012_val_00000054.JPEG,60,1,True,56,,,2026-02-15T20:42:03.803339
SquareAttack,15,ILSVRC2012_val_00000296.JPEG,61,661,True,62,340,62,2026-02-15T20:42:15.706405
SquareAttack,15,ILSVRC2012_val_00000120.JPEG,62,819,True,61,257,61,2026-02-15T20:42:29.883958
SquareAttack,15,ILSVRC2012_val_00000150.JPEG,63,644,True,68,,,2026-02-15T20:42:41.565625
SquareAttack,15,ILSVRC2012_val_00000560.JPEG,378,33,True,59,,,2026-02-15T20:42:42.543622
SquareAttack,15,ILSVRC2012_val_00005869.JPEG,119,1,True,125,,,2026-02-15T20:42:42.594248
SquareAttack,15,ILSVRC2012_val_00000278.JPEG,66,2955,True,68,307,68,2026-02-15T20:43:30.820776
SquareAttack,15,ILSVRC2012_val_00001964.JPEG,68,1,True,67,,,2026-02-15T20:43:30.870357
SquareAttack,15,ILSVRC2012_val_00000194.JPEG,68,1,True,66,,,2026-02-15T20:43:30.944499
SquareAttack,15,ILSVRC2012_val_00001321.JPEG,69,1,True,972,,,2026-02-15T20:43:30.995458
SquareAttack,15,ILSVRC2012_val_00000046.JPEG,70,3093,True,73,440,73,2026-02-15T20:44:21.233032
SimBA,3,ILSVRC2012_val_00000265.JPEG,88,15000,False,88,4,90,2026-02-15T20:44:52.108131
SquareAttack,15,ILSVRC2012_val_00000237.JPEG,71,15000,False,71,261,99,2026-02-15T20:48:23.812725
SquareAttack,15,ILSVRC2012_val_00000228.JPEG,72,3597,True,74,324,74,2026-02-15T20:49:20.173470
SquareAttack,15,ILSVRC2012_val_00000677.JPEG,73,138,True,591,,,2026-02-15T20:49:22.937769
SimBA,3,ILSVRC2012_val_00000011.JPEG,89,11004,True,132,4,132,2026-02-15T20:50:05.948143
SquareAttack,15,ILSVRC2012_val_00000552.JPEG,72,8418,True,74,687,74,2026-02-15T20:51:36.891402
SquareAttack,15,ILSVRC2012_val_00000603.JPEG,75,3711,True,73,315,73,2026-02-15T20:52:35.942248
SquareAttack,15,ILSVRC2012_val_00000522.JPEG,76,1853,True,73,296,73,2026-02-15T20:53:05.934269
SquareAttack,15,ILSVRC2012_val_00001131.JPEG,75,1,True,73,,,2026-02-15T20:53:05.986251
SquareAttack,15,ILSVRC2012_val_00001350.JPEG,78,4317,True,73,444,73,2026-02-15T20:54:15.405356
SquareAttack,15,ILSVRC2012_val_00003857.JPEG,630,1,True,594,,,2026-02-15T20:54:15.454579
SquareAttack,15,ILSVRC2012_val_00000807.JPEG,80,1600,True,998,758,998,2026-02-15T20:54:42.316131
SquareAttack,15,ILSVRC2012_val_00000440.JPEG,81,308,True,86,,,2026-02-15T20:54:47.841220
SquareAttack,15,ILSVRC2012_val_00001888.JPEG,82,588,True,81,482,81,2026-02-15T20:54:57.640478
SquareAttack,15,ILSVRC2012_val_00000102.JPEG,83,1575,True,80,520,80,2026-02-15T20:55:23.542884
SquareAttack,15,ILSVRC2012_val_00000881.JPEG,84,1357,True,580,169,580,2026-02-15T20:55:45.757359
SquareAttack,15,ILSVRC2012_val_00001419.JPEG,85,5343,True,86,822,86,2026-02-15T20:57:11.936508
SquareAttack,15,ILSVRC2012_val_00000175.JPEG,83,1,True,86,,,2026-02-15T20:57:11.985330
SimBA,3,ILSVRC2012_val_00001245.JPEG,90,15000,False,90,5,89,2026-02-15T20:57:17.965070
SquareAttack,15,ILSVRC2012_val_00000024.JPEG,87,2063,True,614,829,614,2026-02-15T20:57:45.790925
SimBA,3,ILSVRC2012_val_00000001.JPEG,91,8373,True,916,5,916,2026-02-15T21:01:15.441580
SquareAttack,15,ILSVRC2012_val_00000265.JPEG,88,15000,False,88,1642,782,2026-02-15T21:01:45.800173
SquareAttack,15,ILSVRC2012_val_00000011.JPEG,89,4366,True,132,542,132,2026-02-15T21:02:56.157383
SimBA,3,ILSVRC2012_val_00003751.JPEG,92,4670,True,95,7,95,2026-02-15T21:03:31.492661
SquareAttack,15,ILSVRC2012_val_00001245.JPEG,90,8050,True,687,563,687,2026-02-15T21:05:01.461794
SquareAttack,15,ILSVRC2012_val_00000001.JPEG,91,1729,True,916,308,916,2026-02-15T21:05:28.605610
SquareAttack,15,ILSVRC2012_val_00003751.JPEG,92,10878,True,854,918,854,2026-02-15T21:08:25.008727
SquareAttack,15,ILSVRC2012_val_00001186.JPEG,93,1706,True,17,793,17,2026-02-15T21:08:53.121840
SquareAttack,15,ILSVRC2012_val_00000528.JPEG,94,1545,True,894,1087,894,2026-02-15T21:09:18.927667
SimBA,3,ILSVRC2012_val_00001186.JPEG,93,15000,False,93,4,96,2026-02-15T21:10:34.443093
SquareAttack,15,ILSVRC2012_val_00001390.JPEG,95,7532,True,92,473,92,2026-02-15T21:11:23.903871
SquareAttack,15,ILSVRC2012_val_00000204.JPEG,96,8260,True,973,1167,973,2026-02-15T21:13:31.930626
SimBA,3,ILSVRC2012_val_00001390.JPEG,95,7292,True,94,4,94,2026-02-15T21:13:57.864575
SquareAttack,15,ILSVRC2012_val_00001305.JPEG,97,1743,True,98,327,98,2026-02-15T21:13:59.052080
SquareAttack,15,ILSVRC2012_val_00000119.JPEG,98,2548,True,147,1909,147,2026-02-15T21:14:39.692458
SquareAttack,15,ILSVRC2012_val_00001045.JPEG,99,120,True,134,,,2026-02-15T21:14:43.065910
SimBA,3,ILSVRC2012_val_00000204.JPEG,96,15000,False,96,5,973,2026-02-15T21:20:17.721104
SimBA,3,ILSVRC2012_val_00001305.JPEG,97,15000,False,97,6,300,2026-02-15T21:25:37.010432
SimBA,3,ILSVRC2012_val_00000119.JPEG,98,15000,False,98,4,335,2026-02-15T21:31:08.836576
SimBA,3,ILSVRC2012_val_00001045.JPEG,99,4397,True,84,5,84,2026-02-15T21:32:44.662690
SimBA,5,ILSVRC2012_val_00001195.JPEG,11,5120,True,16,7,16,2026-02-15T21:34:31.539504
SimBA,5,ILSVRC2012_val_00003287.JPEG,12,15000,False,12,15,10,2026-02-15T21:41:06.177371
SimBA,5,ILSVRC2012_val_00000153.JPEG,15,15000,False,15,6,912,2026-02-15T21:47:44.541849
SimBA,5,ILSVRC2012_val_00000188.JPEG,16,1081,True,17,6,17,2026-02-15T21:48:12.663743
SimBA,5,ILSVRC2012_val_00001044.JPEG,18,702,True,10,6,10,2026-02-15T21:48:31.019762
SimBA,5,ILSVRC2012_val_00000005.JPEG,19,15000,False,19,11,654,2026-02-15T21:55:22.318717
SimBA,5,ILSVRC2012_val_00001912.JPEG,20,15000,False,20,7,13,2026-02-15T22:02:13.874039
SimBA,5,ILSVRC2012_val_00001861.JPEG,21,7923,True,22,6,22,2026-02-15T22:05:39.263042
SimBA,5,ILSVRC2012_val_00002085.JPEG,22,358,True,23,8,23,2026-02-15T22:05:47.802150
SimBA,5,ILSVRC2012_val_00001478.JPEG,23,8690,True,21,6,21,2026-02-15T22:09:15.963688
SimBA,5,ILSVRC2012_val_00000880.JPEG,24,9354,True,82,9,82,2026-02-15T22:12:48.346750
SimBA,5,ILSVRC2012_val_00001002.JPEG,25,9452,True,26,6,26,2026-02-15T22:16:05.249751
SimBA,5,ILSVRC2012_val_00001108.JPEG,26,1730,True,29,6,29,2026-02-15T22:16:39.718810
SimBA,5,ILSVRC2012_val_00000561.JPEG,119,65,True,32,9,32,2026-02-15T22:16:41.374224
SimBA,5,ILSVRC2012_val_00000321.JPEG,29,4896,True,916,11,916,2026-02-15T22:18:22.386011
SimBA,5,ILSVRC2012_val_00000588.JPEG,30,3764,True,32,9,32,2026-02-15T22:19:45.289602
SimBA,5,ILSVRC2012_val_00002403.JPEG,32,2693,True,30,6,30,2026-02-15T22:20:41.352311
SimBA,5,ILSVRC2012_val_00000295.JPEG,33,6314,True,34,9,34,2026-02-15T22:23:00.060314
SimBA,5,ILSVRC2012_val_00000793.JPEG,34,409,True,33,6,33,2026-02-15T22:23:09.139858
SimBA,5,ILSVRC2012_val_00001869.JPEG,36,1514,True,35,9,35,2026-02-15T22:23:42.394971
SimBA,5,ILSVRC2012_val_00000395.JPEG,37,3850,True,35,7,35,2026-02-15T22:25:05.283793
SimBA,5,ILSVRC2012_val_00000625.JPEG,38,471,True,43,7,43,2026-02-15T22:25:16.059719
SimBA,5,ILSVRC2012_val_00004042.JPEG,39,12375,True,41,6,41,2026-02-15T22:29:55.112559
SimBA,5,ILSVRC2012_val_00000107.JPEG,40,4777,True,46,9,46,2026-02-15T22:31:40.641760
SimBA,5,ILSVRC2012_val_00000731.JPEG,41,4755,True,44,7,44,2026-02-15T22:33:23.409632
SimBA,5,ILSVRC2012_val_00001628.JPEG,42,6547,True,38,8,38,2026-02-15T22:35:52.827185
SimBA,5,ILSVRC2012_val_00000556.JPEG,43,11188,True,42,7,42,2026-02-15T22:40:02.331895
SimBA,5,ILSVRC2012_val_00000270.JPEG,44,611,True,40,12,40,2026-02-15T22:40:15.818822
SimBA,5,ILSVRC2012_val_00002575.JPEG,45,11427,True,38,9,38,2026-02-15T22:44:30.226635
SimBA,5,ILSVRC2012_val_00000053.JPEG,40,695,True,46,11,46,2026-02-15T22:44:47.496528
SimBA,5,ILSVRC2012_val_00001455.JPEG,47,10810,True,38,7,38,2026-02-15T22:48:58.296862
SimBA,5,ILSVRC2012_val_00000406.JPEG,48,3294,True,39,6,39,2026-02-15T22:50:15.216162
SimBA,5,ILSVRC2012_val_00000846.JPEG,49,2607,True,386,6,386,2026-02-15T22:51:16.035447
SimBA,5,ILSVRC2012_val_00000187.JPEG,328,12,True,363,6,363,2026-02-15T22:51:16.458981
SimBA,5,ILSVRC2012_val_00000461.JPEG,51,1557,True,988,7,988,2026-02-15T22:51:54.423525
SimBA,5,ILSVRC2012_val_00000751.JPEG,52,2338,True,390,6,390,2026-02-15T22:52:51.089411
SimBA,5,ILSVRC2012_val_00002134.JPEG,53,3930,True,52,10,52,2026-02-15T22:54:27.064957
SimBA,5,ILSVRC2012_val_00000781.JPEG,60,702,True,54,6,54,2026-02-15T22:54:44.116239
SimBA,5,ILSVRC2012_val_00000132.JPEG,64,897,True,55,7,55,2026-02-15T22:55:06.139572
SimBA,5,ILSVRC2012_val_00000208.JPEG,56,11252,True,53,6,53,2026-02-15T22:59:28.898608
SimBA,5,ILSVRC2012_val_00001038.JPEG,57,9067,True,52,6,52,2026-02-15T23:02:56.363431
SimBA,5,ILSVRC2012_val_00002124.JPEG,63,1219,True,56,7,56,2026-02-15T23:03:23.654800
SimBA,5,ILSVRC2012_val_00001111.JPEG,46,2920,True,40,6,40,2026-02-15T23:04:29.617381
SimBA,5,ILSVRC2012_val_00000054.JPEG,60,342,True,56,6,56,2026-02-15T23:04:37.678320
SimBA,5,ILSVRC2012_val_00000296.JPEG,61,4286,True,62,6,62,2026-02-15T23:06:16.072578
SimBA,5,ILSVRC2012_val_00000120.JPEG,62,7791,True,61,8,61,2026-02-15T23:09:10.334532
SimBA,5,ILSVRC2012_val_00000150.JPEG,63,3778,True,68,7,68,2026-02-15T23:10:31.221439
SimBA,5,ILSVRC2012_val_00000560.JPEG,378,259,True,59,6,59,2026-02-15T23:10:37.302963
SimBA,5,ILSVRC2012_val_00005869.JPEG,119,93,True,125,6,125,2026-02-15T23:10:39.793158
SimBA,5,ILSVRC2012_val_00000278.JPEG,66,10213,True,68,7,68,2026-02-15T23:14:32.979780
SimBA,5,ILSVRC2012_val_00001964.JPEG,68,639,True,67,6,67,2026-02-15T23:14:47.082502
SimBA,5,ILSVRC2012_val_00000194.JPEG,68,894,True,66,7,66,2026-02-15T23:15:06.974997
SimBA,5,ILSVRC2012_val_00001321.JPEG,69,2343,True,66,8,66,2026-02-15T23:15:58.966525
SimBA,5,ILSVRC2012_val_00000046.JPEG,70,8301,True,73,9,73,2026-02-15T23:19:06.533082
SimBA,5,ILSVRC2012_val_00000237.JPEG,71,15000,False,71,6,99,2026-02-15T23:24:40.904641
SimBA,5,ILSVRC2012_val_00000228.JPEG,72,12526,True,74,6,74,2026-02-15T23:29:23.176106
SimBA,5,ILSVRC2012_val_00000677.JPEG,73,3324,True,74,8,74,2026-02-15T23:30:51.366499
SimBA,5,ILSVRC2012_val_00000552.JPEG,72,15000,False,72,8,74,2026-02-15T23:37:50.320395
SimBA,5,ILSVRC2012_val_00000603.JPEG,75,12534,True,73,6,73,2026-02-15T23:44:02.087690
SimBA,5,ILSVRC2012_val_00000522.JPEG,76,7214,True,73,7,73,2026-02-15T23:47:24.334085
SimBA,5,ILSVRC2012_val_00001131.JPEG,75,22,True,77,7,77,2026-02-15T23:47:25.182578
SimBA,5,ILSVRC2012_val_00001350.JPEG,78,9674,True,73,6,73,2026-02-15T23:51:44.921856
SimBA,5,ILSVRC2012_val_00003857.JPEG,630,1844,True,429,6,429,2026-02-15T23:52:33.141416
SimBA,5,ILSVRC2012_val_00000807.JPEG,80,14872,True,83,7,83,2026-02-15T23:59:24.344700
SimBA,5,ILSVRC2012_val_00001888.JPEG,82,1997,True,81,10,81,2026-02-16T00:00:20.062389
SimBA,5,ILSVRC2012_val_00000102.JPEG,83,8947,True,80,6,80,2026-02-16T00:04:20.363319
SimBA,5,ILSVRC2012_val_00000881.JPEG,84,9089,True,580,6,580,2026-02-16T00:08:27.181967
